{
    "name": "root",
    "gauges": {
        "CarAI.Policy.Entropy.mean": {
            "value": 0.5196909308433533,
            "min": 0.4441291391849518,
            "max": 2.8897597789764404,
            "count": 833
        },
        "CarAI.Environment.EpisodeLength.mean": {
            "value": 814.6521739130435,
            "min": 49.44769874476987,
            "max": 3946.0,
            "count": 833
        },
        "CarAI.Policy.ExtrinsicValueEstimate.mean": {
            "value": 10.488323211669922,
            "min": -1.3489105701446533,
            "max": 11.28178882598877,
            "count": 833
        },
        "CarAI.Environment.CumulativeReward.mean": {
            "value": 119.81818181818181,
            "min": -9.659663865546218,
            "max": 185.14285714285714,
            "count": 833
        },
        "CarAI.Policy.ExtrinsicReward.mean": {
            "value": 119.81818181818181,
            "min": -9.659663865546218,
            "max": 185.14285714285714,
            "count": 833
        },
        "CarAI.IsTraining.mean": {
            "value": 1.0,
            "min": 1.0,
            "max": 1.0,
            "count": 833
        },
        "CarAI.Losses.PolicyLoss.mean": {
            "value": 0.10274832984355989,
            "min": 0.08863790997522868,
            "max": 0.10939223405068166,
            "count": 808
        },
        "CarAI.Losses.ValueLoss.mean": {
            "value": 14.784364973034775,
            "min": 3.6112934375802674,
            "max": 37.26268449066379,
            "count": 808
        },
        "CarAI.Policy.LearningRate.mean": {
            "value": 2.5170991612999106e-07,
            "min": 2.5170991612999106e-07,
            "max": 0.00029963829012057,
            "count": 808
        },
        "CarAI.Policy.Epsilon.mean": {
            "value": 0.10008386999999999,
            "min": 0.10008386999999999,
            "max": 0.19987943,
            "count": 808
        },
        "CarAI.Policy.Beta.mean": {
            "value": 1.083031299999997e-05,
            "min": 1.083031299999997e-05,
            "max": 0.0009988063570000004,
            "count": 808
        }
    },
    "metadata": {
        "timer_format_version": "0.1.0",
        "start_time_seconds": "1609416624",
        "python_version": "3.7.9 (tags/v3.7.9:13c94747c7, Aug 17 2020, 18:58:18) [MSC v.1900 64 bit (AMD64)]",
        "command_line_arguments": "C:\\Users\\mathi\\AppData\\Local\\Programs\\Python\\Python37\\Scripts\\mlagents-learn config/ppo/MyCar.yaml --run-id=NewConfigButYouDieIfYouGoTheWrongWay --force --time-scale 10",
        "mlagents_version": "0.23.0",
        "mlagents_envs_version": "0.23.0",
        "communication_protocol_version": "1.3.0",
        "pytorch_version": "1.7.0+cu110",
        "numpy_version": "1.18.5",
        "end_time_seconds": "1609441285"
    },
    "total": 24661.114794,
    "count": 1,
    "self": 0.015072899997903733,
    "children": {
        "run_training.setup": {
            "total": 0.1319106000000001,
            "count": 1,
            "self": 0.1319106000000001
        },
        "TrainerController.start_learning": {
            "total": 24660.967810500002,
            "count": 1,
            "self": 29.987427099316847,
            "children": {
                "TrainerController._reset_env": {
                    "total": 7.2514275999999995,
                    "count": 1,
                    "self": 7.2514275999999995
                },
                "TrainerController.advance": {
                    "total": 24623.640159700684,
                    "count": 1267939,
                    "self": 17.071881901149027,
                    "children": {
                        "env_step": {
                            "total": 24606.568277799535,
                            "count": 1267939,
                            "self": 19428.67107790029,
                            "children": {
                                "SubprocessEnvManager._take_step": {
                                    "total": 5162.485073898639,
                                    "count": 1267939,
                                    "self": 74.43686879841698,
                                    "children": {
                                        "TorchPolicy.evaluate": {
                                            "total": 5088.048205100222,
                                            "count": 1250297,
                                            "self": 1142.9458685005793,
                                            "children": {
                                                "TorchPolicy.sample_actions": {
                                                    "total": 3945.1023365996425,
                                                    "count": 1250297,
                                                    "self": 3945.1023365996425
                                                }
                                            }
                                        }
                                    }
                                },
                                "workers": {
                                    "total": 15.412126000608858,
                                    "count": 1267939,
                                    "self": 0.0,
                                    "children": {
                                        "worker_root": {
                                            "total": 24623.18737680058,
                                            "count": 1267939,
                                            "is_parallel": true,
                                            "self": 6861.263684399113,
                                            "children": {
                                                "steps_from_proto": {
                                                    "total": 0.0004830000000000112,
                                                    "count": 1,
                                                    "is_parallel": true,
                                                    "self": 0.00017599999999973193,
                                                    "children": {
                                                        "_process_vector_observation": {
                                                            "total": 0.00030700000000027927,
                                                            "count": 2,
                                                            "is_parallel": true,
                                                            "self": 0.00030700000000027927
                                                        }
                                                    }
                                                },
                                                "UnityEnvironment.step": {
                                                    "total": 17761.923209401466,
                                                    "count": 1267939,
                                                    "is_parallel": true,
                                                    "self": 127.0264323000265,
                                                    "children": {
                                                        "UnityEnvironment._generate_step_input": {
                                                            "total": 174.71544880005442,
                                                            "count": 1267939,
                                                            "is_parallel": true,
                                                            "self": 174.71544880005442
                                                        },
                                                        "communicator.exchange": {
                                                            "total": 17051.30542370144,
                                                            "count": 1267939,