{
    "name": "root",
    "gauges": {
        "CarAI.Policy.Entropy.mean": {
            "value": 0.8450358510017395,
            "min": 0.8450358510017395,
            "max": 1.791199803352356,
            "count": 42
        },
        "CarAI.Environment.EpisodeLength.mean": {
            "value": 117.15841584158416,
            "min": 26.833333333333332,
            "max": 253.83333333333334,
            "count": 42
        },
        "CarAI.Policy.ExtrinsicValueEstimate.mean": {
            "value": -0.2612639367580414,
            "min": -0.9958102703094482,
            "max": -0.07762422412633896,
            "count": 42
        },
        "CarAI.Environment.CumulativeReward.mean": {
            "value": -0.6286039588474991,
            "min": -1.790730657831689,
            "max": -0.6286039588474991,
            "count": 42
        },
        "CarAI.Policy.ExtrinsicReward.mean": {
            "value": -0.6286039588474991,
            "min": -1.790730657831689,
            "max": -0.6286039588474991,
            "count": 42
        },
        "CarAI.IsTraining.mean": {
            "value": 1.0,
            "min": 1.0,
            "max": 1.0,
            "count": 42
        },
        "CarAI.Losses.PolicyLoss.mean": {
            "value": 0.0981356617598299,
            "min": 0.09105246377686131,
            "max": 0.1048234974888643,
            "count": 41
        },
        "CarAI.Losses.ValueLoss.mean": {
            "value": 0.01499196037267011,
            "min": 0.010732365060838744,
            "max": 3.3461713970552944,
            "count": 41
        },
        "CarAI.Policy.LearningRate.mean": {
            "value": 0.0002850966049678,
            "min": 0.0002850966049678,
            "max": 0.00029963868012043997,
            "count": 41
        },
        "CarAI.Policy.Epsilon.mean": {
            "value": 0.19503220000000002,
            "min": 0.19503220000000002,
            "max": 0.19987956000000004,
            "count": 41
        },
        "CarAI.Policy.Beta.mean": {
            "value": 0.00095081878,
            "min": 0.00095081878,
            "max": 0.000998807644,
            "count": 41
        }
    },
    "metadata": {
        "timer_format_version": "0.1.0",
        "start_time_seconds": "1609624638",
        "python_version": "3.7.9 (tags/v3.7.9:13c94747c7, Aug 17 2020, 18:58:18) [MSC v.1900 64 bit (AMD64)]",
        "command_line_arguments": "C:\\Users\\mathi\\AppData\\Local\\Programs\\Python\\Python37\\Scripts\\mlagents-learn config/ppo/MyCar.yaml --run-id=CarAI_0.2",
        "mlagents_version": "0.23.0",
        "mlagents_envs_version": "0.23.0",
        "communication_protocol_version": "1.3.0",
        "pytorch_version": "1.7.0+cu110",
        "numpy_version": "1.18.5",
        "end_time_seconds": "1609625730"
    },
    "total": 1092.244444,
    "count": 1,
    "self": 0.006515000000035798,
    "children": {
        "run_training.setup": {
            "total": 0.13634959999999996,
            "count": 1,
            "self": 0.13634959999999996
        },
        "TrainerController.start_learning": {
            "total": 1092.1015794,
            "count": 1,
            "self": 1.765480800006344,
            "children": {
                "TrainerController._reset_env": {
                    "total": 11.2851496,
                    "count": 1,
                    "self": 11.2851496
                },
                "TrainerController.advance": {
                    "total": 1078.9605905999936,
                    "count": 70790,
                    "self": 1.0182240999824899,
                    "children": {
                        "env_step": {
                            "total": 1077.942366500011,
                            "count": 70790,
                            "self": 845.440123800051,
                            "children": {
                                "SubprocessEnvManager._take_step": {
                                    "total": 231.58411239998716,
                                    "count": 70790,
                                    "self": 4.156780099987884,
                                    "children": {
                                        "TorchPolicy.evaluate": {
                                            "total": 227.42733229999928,
                                            "count": 64401,
                                            "self": 62.03113699999699,
                                            "children": {
                                                "TorchPolicy.sample_actions": {
                                                    "total": 165.3961953000023,
                                                    "count": 64401,
                                                    "self": 165.3961953000023
                                                }
                                            }
                                        }
                                    }
                                },
                                "workers": {
                                    "total": 0.9181302999728871,
                                    "count": 70789,
                                    "self": 0.0,
                                    "children": {
                                        "worker_root": {
                                            "total": 1080.0770771999985,
                                            "count": 70789,
                                            "is_parallel": true,
                                            "self": 439.42235559999995,
                                            "children": {
                                                "steps_from_proto": {
                                                    "total": 0.0005319999999997549,
                                                    "count": 1,
                                                    "is_parallel": true,
                                                    "self": 0.00019080000000037955,
                                                    "children": {
                                                        "_process_vector_observation": {
                                                            "total": 0.00034119999999937534,
                                                            "count": 2,
                                                            "is_parallel": true,
                                                            "self": 0.00034119999999937534
                                                        }
                                                    }
                                                },
                                                "UnityEnvironment.step": {
                                                    "total": 640.6541895999985,
                                                    "count": 70789,
                                                    "is_parallel": true,
                                                    "self": 7.32466269997667,
                                                    "children": {
                                                        "UnityEnvironment._generate_step_input": {
                                                            "total": 9.303452899997888,
                                                            "count": 70789,
                                                            "is_parallel": true,
                                                            "self": 9.303452899997888
                                                        },
                                                        "communicator.exchange": {
                                                            "total": 602.7643606000094,
                                                            "count": 70789,
                                                            "is_parallel": true,