{
    "name": "root",
    "gauges": {
        "Sorting_AI.Policy.Entropy.mean": {
            "value": 0.3842560946941376,
            "min": 0.3778575658798218,
            "max": 2.077857255935669,
            "count": 166
        },
        "Sorting_AI.Policy.ExtrinsicValueEstimate.mean": {
            "value": -0.3401080071926117,
            "min": -0.9102605581283569,
            "max": -0.27688807249069214,
            "count": 166
        },
        "Sorting_AI.Environment.EpisodeLength.mean": {
            "value": 2619.0,
            "min": 2605.0,
            "max": 2637.75,
            "count": 166
        },
        "Sorting_AI.MyStats.Ballssortedcorrect.mean": {
            "value": 102.4,
            "min": 45.666666666666664,
            "max": 107.0,
            "count": 166
        },
        "Sorting_AI.MyStats.Ballssortedincorrect.mean": {
            "value": 97.6,
            "min": 93.0,
            "max": 154.33333333333334,
            "count": 166
        },
        "Sorting_AI.Environment.CumulativeReward.mean": {
            "value": -8.250000238418579,
            "min": -25.84285763331822,
            "max": -7.775000184774399,
            "count": 166
        },
        "Sorting_AI.Policy.ExtrinsicReward.mean": {
            "value": -8.250000238418579,
            "min": -25.84285763331822,
            "max": -7.775000184774399,
            "count": 166
        },
        "Sorting_AI.IsTraining.mean": {
            "value": 1.0,
            "min": 1.0,
            "max": 1.0,
            "count": 166
        },
        "Sorting_AI.Losses.PolicyLoss.mean": {
            "value": 0.1013023515624684,
            "min": 0.09189394763307686,
            "max": 0.10850691047955754,
            "count": 160
        },
        "Sorting_AI.Losses.ValueLoss.mean": {
            "value": 0.05185272220419752,
            "min": 0.04400394576892922,
            "max": 0.11733895279148705,
            "count": 160
        },
        "Sorting_AI.Policy.LearningRate.mean": {
            "value": 2.5344991552000027e-06,
            "min": 2.5344991552000027e-06,
            "max": 0.00029812335062554993,
            "count": 160
        },
        "Sorting_AI.Policy.Epsilon.mean": {
            "value": 0.10084479999999998,
            "min": 0.10084479999999998,
            "max": 0.19937445000000004,
            "count": 160
        },
        "Sorting_AI.Policy.Beta.mean": {
            "value": 1.836352000000001e-05,
            "min": 1.836352000000001e-05,
            "max": 0.0009938070550000002,
            "count": 160
        }
    },
    "metadata": {
        "timer_format_version": "0.1.0",
        "start_time_seconds": "1610672809",
        "python_version": "3.8.7 (tags/v3.8.7:6503f05, Dec 21 2020, 17:59:51) [MSC v.1928 64 bit (AMD64)]",
        "command_line_arguments": "C:\\Users\\mathi\\AppData\\Local\\Programs\\Python\\Python38\\Scripts\\mlagents-learn config/SortingAi.yaml --run-id=SortingAI_0.4 --time-scale=5",
        "mlagents_version": "0.23.0",
        "mlagents_envs_version": "0.23.0",
        "communication_protocol_version": "1.3.0",
        "pytorch_version": "1.7.0+cu110",
        "numpy_version": "1.19.4",
        "end_time_seconds": "1610682285"
    },
    "total": 9476.3769851,
    "count": 1,
    "self": 0.02159359999859589,
    "children": {
        "run_training.setup": {
            "total": 0.10708920000000077,
            "count": 1,
            "self": 0.10708920000000077
        },
        "TrainerController.start_learning": {
            "total": 9476.2483023,
            "count": 1,
            "self": 16.178491800008487,
            "children": {
                "TrainerController._reset_env": {
                    "total": 20.547178600000002,
                    "count": 1,
                    "self": 20.547178600000002
                },
                "TrainerController.advance": {
                    "total": 9439.394724099993,
                    "count": 500424,
                    "self": 7.41199310023876,
                    "children": {
                        "env_step": {
                            "total": 9431.982730999754,
                            "count": 500424,
                            "self": 6015.872710600327,
                            "children": {
                                "SubprocessEnvManager._take_step": {
                                    "total": 3407.716985599907,
                                    "count": 500424,
                                    "self": 40.12040459992568,
                                    "children": {
                                        "TorchPolicy.evaluate": {
                                            "total": 3367.596580999981,
                                            "count": 500424,
                                            "self": 781.8051276999449,
                                            "children": {
                                                "TorchPolicy.sample_actions": {
                                                    "total": 2585.791453300036,
                                                    "count": 500424,
                                                    "self": 2585.791453300036
                                                }
                                            }
                                        }
                                    }
                                },
                                "workers": {
                                    "total": 8.393034799520613,
                                    "count": 500424,
                                    "self": 0.0,
                                    "children": {
                                        "worker_root": {
                                            "total": 9448.85006979976,
                                            "count": 500424,
                                            "is_parallel": true,
                                            "self": 4149.435569399636,
                                            "children": {
                                                "steps_from_proto": {
                                                    "total": 0.008104799999999912,
                                                    "count": 1,
                                                    "is_parallel": true,
                                                    "self": 0.002434799999999626,
                                                    "children": {
                                                        "_process_vector_observation": {
                                                            "total": 0.005670000000000286,
                                                            "count": 2,
                                                            "is_parallel": true,
                                                            "self": 0.005670000000000286
                                                        }
                                                    }
                                                },
                                                "UnityEnvironment.step": {
                                                    "total": 5299.406395600125,
                                                    "count": 500424,
                                                    "is_parallel": true,
                                                    "self": 44.238067400287036,
                                                    "children": {
                                                        "UnityEnvironment._generate_step_input": {
                                                            "total": 193.1156285002222,
                                                            "count": 500424,
                                                            "is_parallel": true,