{
    "name": "root",
    "gauges": {
        "CarAI.Policy.Entropy.mean": {
            "value": 0.6132103204727173,
            "min": 0.6096515655517578,
            "max": 2.889775276184082,
            "count": 262
        },
        "CarAI.Environment.EpisodeLength.mean": {
            "value": 1476.875,
            "min": 41.062717770034844,
            "max": 1476.875,
            "count": 262
        },
        "CarAI.Policy.ExtrinsicValueEstimate.mean": {
            "value": 1.4943463802337646,
            "min": -0.9294747114181519,
            "max": 2.2863247394561768,
            "count": 262
        },
        "CarAI.Environment.CumulativeReward.mean": {
            "value": -1.8,
            "min": -50.0,
            "max": 54.09090909090909,
            "count": 262
        },
        "CarAI.Policy.ExtrinsicReward.mean": {
            "value": -1.8,
            "min": -50.0,
            "max": 54.09090909090909,
            "count": 262
        },
        "CarAI.IsTraining.mean": {
            "value": 1.0,
            "min": 1.0,
            "max": 1.0,
            "count": 262
        },
        "CarAI.Losses.PolicyLoss.mean": {
            "value": 0.10393357876962862,
            "min": 0.09140250668954937,
            "max": 0.10832675000127646,
            "count": 255
        },
        "CarAI.Losses.ValueLoss.mean": {
            "value": 14.474606386820476,
            "min": 2.551094023259819,
            "max": 27.47468915895132,
            "count": 255
        },
        "CarAI.Policy.LearningRate.mean": {
            "value": 0.00020585886138038998,
            "min": 0.00020585886138038998,
            "max": 0.00029963784012072,
            "count": 255
        },
        "CarAI.Policy.Epsilon.mean": {
            "value": 0.16861960999999998,
            "min": 0.16861960999999998,
            "max": 0.19987928000000002,
            "count": 255
        },
        "CarAI.Policy.Beta.mean": {
            "value": 0.0006893341389999998,
            "min": 0.0006893341389999998,
            "max": 0.0009988048720000003,
            "count": 255
        }
    },
    "metadata": {
        "timer_format_version": "0.1.0",
        "start_time_seconds": "1609337485",
        "python_version": "3.7.9 (tags/v3.7.9:13c94747c7, Aug 17 2020, 18:58:18) [MSC v.1900 64 bit (AMD64)]",
        "command_line_arguments": "C:\\Users\\mathi\\AppData\\Local\\Programs\\Python\\Python37\\Scripts\\mlagents-learn config/ppo/mycar.yaml --run-id=FirstCarRunWithImprovements --force",
        "mlagents_version": "0.23.0",
        "mlagents_envs_version": "0.23.0",
        "communication_protocol_version": "1.3.0",
        "pytorch_version": "1.7.0+cu110",
        "numpy_version": "1.18.5",
        "end_time_seconds": "1609342422"
    },
    "total": 4936.9910615,
    "count": 1,
    "self": 0.00553089999993972,
    "children": {
        "run_training.setup": {
            "total": 0.013732200000000194,
            "count": 1,
            "self": 0.013732200000000194
        },
        "TrainerController.start_learning": {
            "total": 4936.9717984,
            "count": 1,
            "self": 7.579385900216039,
            "children": {
                "TrainerController._reset_env": {
                    "total": 13.5267792,
                    "count": 1,
                    "self": 13.5267792
                },
                "TrainerController.advance": {
                    "total": 4915.7672646997835,
                    "count": 273580,
                    "self": 3.5482168996168184,
                    "children": {
                        "env_step": {
                            "total": 4912.219047800167,
                            "count": 273580,
                            "self": 3700.4466033000444,
                            "children": {
                                "SubprocessEnvManager._take_step": {
                                    "total": 1208.4552078000715,
                                    "count": 273580,
                                    "self": 16.317024599959495,
                                    "children": {
                                        "TorchPolicy.evaluate": {
                                            "total": 1192.138183200112,
                                            "count": 263237,
                                            "self": 257.32126880017415,
                                            "children": {
                                                "TorchPolicy.sample_actions": {
                                                    "total": 934.8169143999379,
                                                    "count": 263237,
                                                    "self": 934.8169143999379
                                                }
                                            }
                                        }
                                    }
                                },
                                "workers": {
                                    "total": 3.3172367000504543,
                                    "count": 273579,
                                    "self": 0.0,
                                    "children": {
                                        "worker_root": {
                                            "total": 4916.451469099943,
                                            "count": 273579,
                                            "is_parallel": true,
                                            "self": 1834.1033652999663,
                                            "children": {
                                                "steps_from_proto": {
                                                    "total": 0.0004943999999991178,
                                                    "count": 1,
                                                    "is_parallel": true,
                                                    "self": 0.0001669999999993621,
                                                    "children": {
                                                        "_process_vector_observation": {
                                                            "total": 0.00032739999999975566,
                                                            "count": 2,
                                                            "is_parallel": true,
                                                            "self": 0.00032739999999975566
                                                        }
                                                    }
                                                },
                                                "UnityEnvironment.step": {
                                                    "total": 3082.3476093999766,
                                                    "count": 273579,
                                                    "is_parallel": true,
                                                    "self": 31.489495200191413,
                                                    "children": {
                                                        "UnityEnvironment._generate_step_input": {
                                                            "total": 47.505714299932535,
                                                            "count": 273579,
                                                            "is_parallel": true,
                                                            "self": 47.505714299932535
                                                        },
                                                        "communicator.exchange": {
                                                            "total": 2904.679937099871,
                                                            "count": 273579,
                                                            "is_parallel": true,