{
    "name": "root",
    "gauges": {
        "CarAI.Policy.Entropy.mean": {
            "value": 1.218027114868164,
            "min": 1.218027114868164,
            "max": 1.7912601232528687,
            "count": 7
        },
        "CarAI.Environment.EpisodeLength.mean": {
            "value": 55.436619718309856,
            "min": 55.28971962616822,
            "max": 136.5287356321839,
            "count": 7
        },
        "CarAI.MyStats.CheckpointsReached.mean": {
            "value": 5.977876106194691,
            "min": 1.2897196261682242,
            "max": 6.157608695652174,
            "count": 7
        },
        "CarAI.Policy.ExtrinsicValueEstimate.mean": {
            "value": 5.506120681762695,
            "min": 0.1862291693687439,
            "max": 5.506120681762695,
            "count": 7
        },
        "CarAI.Environment.CumulativeReward.mean": {
            "value": 61.14665837355063,
            "min": 10.585030996743502,
            "max": 61.618275733990856,
            "count": 7
        },
        "CarAI.Policy.ExtrinsicReward.mean": {
            "value": 61.14665837355063,
            "min": 10.585030996743502,
            "max": 61.618275733990856,
            "count": 7
        },
        "CarAI.IsTraining.mean": {
            "value": 1.0,
            "min": 1.0,
            "max": 1.0,
            "count": 7
        },
        "CarAI.Losses.PolicyLoss.mean": {
            "value": 0.07836850369659563,
            "min": 0.07191557227500502,
            "max": 0.07836850369659563,
            "count": 6
        },
        "CarAI.Losses.ValueLoss.mean": {
            "value": 163.5654061126709,
            "min": 14.974812240600587,
            "max": 163.5654061126709,
            "count": 6
        },
        "CarAI.Policy.LearningRate.mean": {
            "value": 0.00029783319072226996,
            "min": 0.00029783319072226996,
            "max": 0.00029963862012046,
            "count": 6
        },
        "CarAI.Policy.Epsilon.mean": {
            "value": 0.19927772999999996,
            "min": 0.19927772999999996,
            "max": 0.19987954000000002,
            "count": 6
        },
        "CarAI.Policy.Beta.mean": {
            "value": 0.000992849527,
            "min": 0.000992849527,
            "max": 0.000998807446,
            "count": 6
        }
    },
    "metadata": {
        "timer_format_version": "0.1.0",
        "start_time_seconds": "1609770043",
        "python_version": "3.7.9 (tags/v3.7.9:13c94747c7, Aug 17 2020, 18:58:18) [MSC v.1900 64 bit (AMD64)]",
        "command_line_arguments": "C:\\Users\\mathi\\AppData\\Local\\Programs\\Python\\Python37\\Scripts\\mlagents-learn config/ppo/MyCar.yaml --run-id=Test123 --time-scale=5",
        "mlagents_version": "0.23.0",
        "mlagents_envs_version": "0.23.0",
        "communication_protocol_version": "1.3.0",
        "pytorch_version": "1.7.0+cu110",
        "numpy_version": "1.18.5",
        "end_time_seconds": "1609770357"
    },
    "total": 313.59924270000005,
    "count": 1,
    "self": 0.006997100000035061,
    "children": {
        "run_training.setup": {
            "total": 0.011927000000000021,
            "count": 1,
            "self": 0.011927000000000021
        },
        "TrainerController.start_learning": {
            "total": 313.5803186,
            "count": 1,
            "self": 0.30210090000093714,
            "children": {
                "TrainerController._reset_env": {
                    "total": 26.5052312,
                    "count": 1,
                    "self": 26.5052312
                },
                "TrainerController.advance": {
                    "total": 286.651900399999,
                    "count": 10838,
                    "self": 0.15252339999852893,
                    "children": {
                        "env_step": {
                            "total": 286.4993770000005,
                            "count": 10838,
                            "self": 249.26136960000161,
                            "children": {
                                "SubprocessEnvManager._take_step": {
                                    "total": 37.094538199998624,
                                    "count": 10838,
                                    "self": 0.695151199998854,
                                    "children": {
                                        "TorchPolicy.evaluate": {
                                            "total": 36.39938699999977,
                                            "count": 9886,
                                            "self": 10.73215840000011,
                                            "children": {
                                                "TorchPolicy.sample_actions": {
                                                    "total": 25.66722859999966,
                                                    "count": 9886,
                                                    "self": 25.66722859999966
                                                }
                                            }
                                        }
                                    }
                                },
                                "workers": {
                                    "total": 0.14346920000024,
                                    "count": 10837,
                                    "self": 0.0,
                                    "children": {
                                        "worker_root": {
                                            "total": 287.9876733000033,
                                            "count": 10837,
                                            "is_parallel": true,
                                            "self": 54.65579480000349,
                                            "children": {
                                                "steps_from_proto": {
                                                    "total": 0.0006173999999994351,
                                                    "count": 1,
                                                    "is_parallel": true,
                                                    "self": 0.00026799999999838064,
                                                    "children": {
                                                        "_process_vector_observation": {
                                                            "total": 0.0003494000000010544,
                                                            "count": 4,
                                                            "is_parallel": true,
                                                            "self": 0.0003494000000010544
                                                        }
                                                    }
                                                },
                                                "UnityEnvironment.step": {
                                                    "total": 233.33126109999978,
                                                    "count": 10837,
                                                    "is_parallel": true,
                                                    "self": 1.3567988999944305,
                                                    "children": {
                                                        "UnityEnvironment._generate_step_input": {
                                                            "total": 1.5606407000003877,
                                                            "count": 10837,
                                                            "is_parallel": true,
                                                            "self": 1.5606407000003877
                                                        },
                                                        "communicator.exchange": {
                                                            "total": 226.2665661000033,