{"count":1,"self":39024.8005632,"total":49041.7001888,"children":{"InitializeActuators":{"count":4,"self":0.0019911,"total":0.0019911,"children":null},"InitializeSensors":{"count":4,"self":0.0009993,"total":0.0009993,"children":null},"AgentSendState":{"count":9711534,"self":253.96272639999998,"total":398.4235835,"children":{"CollectObservations":{"count":1512196,"self":16.7379552,"total":16.737955499999998,"children":null},"WriteActionMask":{"count":1512196,"self":14.7167952,"total":14.716795699999999,"children":null},"RequestDecision":{"count":1512196,"self":48.3024864,"total":113.00610429999999,"children":{"AgentInfo.ToProto":{"count":1512196,"self":35.183216,"total":64.7036194,"children":{"GenerateSensorData":{"count":1512196,"self":29.520403199999997,"total":29.520403599999998,"children":null}}}}}}},"DecideAction":{"count":9711534,"self":9507.7064704,"total":9507.7064692,"children":null},"AgentAct":{"count":9711534,"self":109.8886656,"total":109.8886613,"children":null},"AgentInfo.ToProto":{"count":14919,"self":0.5182213,"total":0.876309,"children":{"GenerateSensorData":{"count":14919,"self":0.3580877,"total":0.3580877,"children":null}}}},"gauges":{"Sorting_AI.CumulativeReward":{"count":14919,"max":15.7000217,"min":-7.899996,"runningAverage":12.518981,"value":14.7000179,"weightedAverage":14.4228516}},"metadata":{"timer_format_version":"0.1.0","start_time_seconds":"1610754847","unity_version":"2019.4.16f1","command_line_arguments":"C:\\Program Files\\Unity\\Hub\\Editor\\2019.4.16f1\\Editor\\Unity.exe -projectpath C:\/Users\/mathi\/Documents\/Github\/AI-Learning\/Machine Learning Project -useHub -hubIPC -cloudEnvironment production -hubSessionId 704952b0-56cd-11eb-9261-454ba62c003a -accessToken dDxoxjMXvMXZKEqvM1SJf7d77XDMrKJC2j8im1YYmSY005f","communication_protocol_version":"1.3.0","com.unity.ml-agents_version":"1.7.2-preview","scene_name":"Sorting AI","end_time_seconds":"1610803888"}}