{"count":1,"self":32386.2102016,"total":37586.0519936,"children":{"InitializeActuators":{"count":4,"self":0.0020247,"total":0.0020247,"children":null},"InitializeSensors":{"count":4,"self":0.0009988,"total":0.0009988,"children":null},"AgentSendState":{"count":10279518,"self":261.9894016,"total":405.43370819999996,"children":{"CollectObservations":{"count":1233528,"self":14.430332799999999,"total":14.430332799999999,"children":null},"WriteActionMask":{"count":1233528,"self":13.0337736,"total":13.0337736,"children":null},"RequestDecision":{"count":1233528,"self":45.077839999999995,"total":115.9802098,"children":{"AgentInfo.ToProto":{"count":1233528,"self":33.8561088,"total":70.902368799999991,"children":{"GenerateSensorData":{"count":1233528,"self":37.046262399999996,"total":37.0462609,"children":null}}}}}}},"DecideAction":{"count":10279518,"self":4673.2111872,"total":4673.2111245999995,"children":null},"AgentAct":{"count":10279518,"self":120.2625664,"total":120.26257,"children":null},"AgentInfo.ToProto":{"count":12368,"self":0.42857599999999996,"total":0.92493629999999993,"children":{"GenerateSensorData":{"count":12368,"self":0.4963603,"total":0.4963603,"children":null}}}},"gauges":{"Sorting_AI.CumulativeReward":{"count":12368,"max":10.5000019,"min":-7.49999857,"runningAverage":9.717368,"value":10.5000019,"weightedAverage":10.5}},"metadata":{"timer_format_version":"0.1.0","start_time_seconds":"1610966655","unity_version":"2019.4.16f1","command_line_arguments":"C:\\Program Files\\Unity\\Hub\\Editor\\2019.4.16f1\\Editor\\Unity.exe -projectpath C:\/Users\/mathi\/Documents\/Github\/AI-Learning\/Machine Learning Project -useHub -hubIPC -cloudEnvironment production -hubSessionId 6aec3900-596f-11eb-91bd-f79de9aa072e -accessToken 8WsQKbwnRGmQiIUkRAlQel2rSLnr-u1_oPJjXzMGaR4005f","communication_protocol_version":"1.3.0","com.unity.ml-agents_version":"1.7.2-preview","scene_name":"Sorting AI","end_time_seconds":"1611004240"}}