{"count":1,"self":9.2999023999999988,"total":12.9373142,"children":{"InitializeActuators":{"count":4,"self":0.00099669999999999989,"total":0.00099669999999999989,"children":null},"InitializeSensors":{"count":4,"self":0.00099779999999999986,"total":0.00099779999999999986,"children":null},"AgentSendState":{"count":8517,"self":0.10072629999999999,"total":0.1585722,"children":{"CollectObservations":{"count":1012,"self":0.0059822999999999994,"total":0.0059822999999999994,"children":null},"WriteActionMask":{"count":1012,"self":0.0039891,"total":0.0039891,"children":null},"RequestDecision":{"count":1012,"self":0.0269283,"total":0.0478745,"children":{"AgentInfo.ToProto":{"count":1012,"self":0.0099753,"total":0.020946199999999998,"children":{"GenerateSensorData":{"count":1012,"self":0.010970899999999999,"total":0.010970899999999999,"children":null}}}}}}},"DecideAction":{"count":8517,"self":3.427974,"total":3.4279739,"children":null},"AgentAct":{"count":8517,"self":0.0458782,"total":0.0458782,"children":null},"AgentInfo.ToProto":{"count":100,"self":0.00099739999999999985,"total":0.0019947999999999997,"children":{"GenerateSensorData":{"count":100,"self":0.00099739999999999985,"total":0.00099739999999999985,"children":null}}}},"gauges":{"Sorting_AI.CumulativeReward":{"count":100,"max":0.3,"min":-1.50000024,"runningAverage":-0.6479999,"value":-0.9000001,"weightedAverage":-0.477317631}},"metadata":{"timer_format_version":"0.1.0","start_time_seconds":"1610931707","unity_version":"2019.4.16f1","command_line_arguments":"C:\\Program Files\\Unity\\Hub\\Editor\\2019.4.16f1\\Editor\\Unity.exe -projectpath C:\/Users\/mathi\/Documents\/GitHub\/AI-Learning\/Machine Learning Project -useHub -hubIPC -cloudEnvironment production -hubSessionId 7f7c21d0-591c-11eb-93ab-c57fe2b4c3e1 -accessToken oz4mbE0fTbG6pa5-LbC6dKEYVFISAntN4w4qSwmsqgM005f","communication_protocol_version":"1.3.0","com.unity.ml-agents_version":"1.7.2-preview","scene_name":"Sorting AI","end_time_seconds":"1610931719"}}