{"count":1,"self":2486.2332928,"total":9468.0728368,"children":{"InitializeActuators":{"count":4,"self":0.006983,"total":0.006983,"children":null},"InitializeSensors":{"count":4,"self":0.0029928999999999997,"total":0.0029928999999999997,"children":null},"AgentSendState":{"count":500426,"self":68.079283199999992,"total":240.4606701,"children":{"CollectObservations":{"count":2001704,"self":21.384999999999998,"total":21.3850005,"children":null},"WriteActionMask":{"count":2001704,"self":18.2842272,"total":18.2842272,"children":null},"RequestDecision":{"count":2001704,"self":57.692192,"total":132.7121611,"children":{"AgentInfo.ToProto":{"count":2001704,"self":40.783055999999995,"total":75.019969199999991,"children":{"GenerateSensorData":{"count":2001704,"self":34.236912,"total":34.2369118,"children":null}}}}}}},"DecideAction":{"count":500426,"self":6725.8310655999994,"total":6725.8310636999995,"children":null},"AgentAct":{"count":500426,"self":15.4899312,"total":15.489931899999998,"children":null},"AgentInfo.ToProto":{"count":761,"self":0.0279598,"total":0.045869099999999996,"children":{"GenerateSensorData":{"count":761,"self":0.0179093,"total":0.0179093,"children":null}}}},"gauges":{"Sorting_AI.CumulativeReward":{"count":761,"max":-4.70000553,"min":-28.4000359,"runningAverage":-15.1846275,"value":-9.199993,"weightedAverage":-8.677833}},"metadata":{"timer_format_version":"0.1.0","start_time_seconds":"1610672817","unity_version":"2019.4.16f1","command_line_arguments":"C:\\Program Files\\Unity\\Hub\\Editor\\2019.4.16f1\\Editor\\Unity.exe -projectpath C:\/Users\/mathi\/Documents\/Github\/AI-Learning\/Machine Learning Project -useHub -hubIPC -cloudEnvironment production -hubSessionId 704952b0-56cd-11eb-9261-454ba62c003a -accessToken dDxoxjMXvMXZKEqvM1SJf7d77XDMrKJC2j8im1YYmSY005f","communication_protocol_version":"1.3.0","com.unity.ml-agents_version":"1.7.2-preview","scene_name":"Sorting AI","end_time_seconds":"1610682285"}}