{"count":1,"self":110932.000768,"total":134336.1378083,"children":{"InitializeActuators":{"count":7,"self":0.0009924,"total":0.0009924,"children":null},"InitializeSensors":{"count":7,"self":0.0020022,"total":0.0020022,"children":null},"AgentSendState":{"count":7145121,"self":400.2820096,"total":2096.4000646,"children":{"CollectObservations":{"count":10003175,"self":72.7460224,"total":72.7460226,"children":null},"WriteActionMask":{"count":10003175,"self":80.1232768,"total":80.1232747,"children":null},"RequestDecision":{"count":10003175,"self":272.5417728,"total":1543.2487460999998,"children":{"AgentInfo.ToProto":{"count":10003175,"self":175.6716672,"total":1270.7069712,"children":{"GenerateSensorData":{"count":10003175,"self":370.14013439999997,"total":1095.0352993,"children":{"RayPerceptionSensor.Perceive":{"count":20006350,"self":724.89518079999993,"total":724.8951707,"children":null}}}}}}}}},"DecideAction":{"count":7145121,"self":21165.6081408,"total":21165.607938099998,"children":null},"AgentAct":{"count":7145121,"self":139.38330879999998,"total":139.3833082,"children":null},"AgentInfo.ToProto":{"count":15135,"self":0.4423388,"total":2.7345338999999997,"children":{"GenerateSensorData":{"count":15135,"self":0.6743248,"total":2.2921951,"children":{"RayPerceptionSensor.Perceive":{"count":30270,"self":1.6178702999999999,"total":1.6178702999999999,"children":null}}}}}},"gauges":{"CarAI.CumulativeReward":{"count":15135,"max":18.5054169,"min":-0.702999651,"runningAverage":13.2982168,"value":18.4204216,"weightedAverage":18.4099712}},"metadata":{"timer_format_version":"0.1.0","start_time_seconds":"1610032248","unity_version":"2019.4.16f1","command_line_arguments":"C:\\Program Files\\Unity\\Hub\\Editor\\2019.4.16f1\\Editor\\Unity.exe -projectpath C:\/Users\/mathi\/Documents\/Github\/AI-Learning\/Machine Learning Project -useHub -hubIPC -cloudEnvironment production -hubSessionId 01f6ce10-50fa-11eb-ba1a-5f98d26878c4 -accessToken S0Z81mYVOdPAilPO5_m8SmhiXQXtY9bq4e-axX-yJ88005f","communication_protocol_version":"1.3.0","com.unity.ml-agents_version":"1.7.2-preview","scene_name":"Track","end_time_seconds":"1610166584"}}