{"count":1,"self":54512.5564416,"total":73285.5840419,"children":{"InitializeActuators":{"count":21,"self":0.0020861,"total":0.0020861,"children":null},"InitializeSensors":{"count":21,"self":0.0019947999999999997,"total":0.0019947999999999997,"children":null},"AgentSendState":{"count":2381176,"self":321.0599168,"total":2104.8626816,"children":{"CollectObservations":{"count":10000956,"self":76.5380928,"total":76.5380929,"children":null},"WriteActionMask":{"count":10000956,"self":80.22920959999999,"total":80.2292087,"children":null},"RequestDecision":{"count":10000956,"self":264.7016448,"total":1627.0354636,"children":{"AgentInfo.ToProto":{"count":10000956,"self":186.1963648,"total":1362.3338168,"children":{"GenerateSensorData":{"count":10000956,"self":383.3118464,"total":1176.137448,"children":{"RayPerceptionSensor.Perceive":{"count":20001912,"self":792.8256,"total":792.825611,"children":null}}}}}}}}},"DecideAction":{"count":2381176,"self":16571.6361216,"total":16571.6367826,"children":null},"AgentAct":{"count":2381176,"self":68.1628672,"total":68.1628647,"children":null},"AgentInfo.ToProto":{"count":131986,"self":4.3895648,"total":28.3602915,"children":{"GenerateSensorData":{"count":131986,"self":6.6999527999999993,"total":23.9707266,"children":{"RayPerceptionSensor.Perceive":{"count":263972,"self":17.2707744,"total":17.2707739,"children":null}}}}}},"gauges":{"CarAI.CumulativeReward":{"count":131986,"max":117.63813,"min":7.899972,"runningAverage":109.410324,"value":117.618141,"weightedAverage":117.501694}},"metadata":{"timer_format_version":"0.1.0","start_time_seconds":"1609795615","unity_version":"2019.4.16f1","command_line_arguments":"C:\\Program Files\\Unity\\Hub\\Editor\\2019.4.16f1\\Editor\\Unity.exe -projectpath C:\/Users\/mathi\/Documents\/Github\/AI-Learning\/Machine Learning Project -useHub -hubIPC -cloudEnvironment production -hubSessionId f5215f20-4884-11eb-9ea3-65e650d17fd0 -accessToken 0CFm7V2_nQf4dg8JNtG9MVYzTLYITdrdgkHbxCyutOE005f","communication_protocol_version":"1.3.0","com.unity.ml-agents_version":"1.7.2-preview","scene_name":"Track","end_time_seconds":"1609868901"}}