{"count":1,"self":13.8527072,"total":21.5175943,"children":{"InitializeActuators":{"count":7,"self":0.0009976,"total":0.0009976,"children":null},"InitializeSensors":{"count":7,"self":0.0019944999999999997,"total":0.0019944999999999997,"children":null},"AgentSendState":{"count":4688,"self":0.19011309999999998,"total":0.956984,"children":{"CollectObservations":{"count":6566,"self":0.028920099999999997,"total":0.028920099999999997,"children":null},"WriteActionMask":{"count":6566,"self":0.039888099999999996,"total":0.039888099999999996,"children":null},"RequestDecision":{"count":6566,"self":0.1216794,"total":0.69806269999999992,"children":{"AgentInfo.ToProto":{"count":6566,"self":0.083766,"total":0.57638329999999993,"children":{"GenerateSensorData":{"count":6566,"self":0.1585513,"total":0.4926173,"children":{"RayPerceptionSensor.Perceive":{"count":13132,"self":0.334066,"total":0.334066,"children":null}}}}}}}}},"DecideAction":{"count":4688,"self":6.6180968,"total":6.6180967,"children":null},"AgentAct":{"count":4688,"self":0.058846199999999994,"total":0.058846199999999994,"children":null},"AgentInfo.ToProto":{"count":184,"self":0.0049869,"total":0.0269263,"children":{"GenerateSensorData":{"count":184,"self":0.0059835,"total":0.021939399999999998,"children":{"RayPerceptionSensor.Perceive":{"count":368,"self":0.0159559,"total":0.0159559,"children":null}}}}}},"gauges":{"CarAI.CumulativeReward":{"count":184,"max":67.52517,"min":7.87097,"runningAverage":23.5321217,"value":7.91198254,"weightedAverage":18.7619343}},"metadata":{"timer_format_version":"0.1.0","start_time_seconds":"1609845447","unity_version":"2019.4.16f1","command_line_arguments":"C:\\Program Files\\Unity\\Hub\\Editor\\2019.4.16f1\\Editor\\Unity.exe -projectpath C:\/Users\/mathi\/Documents\/GitHub\/AI-Learning\/Machine Learning Project -useHub -hubIPC -cloudEnvironment production -hubSessionId e7852ee0-4ee3-11eb-b1ba-bf3751a0ade4 -accessToken Py92ew0ktzpRQk6nI7hmO2wXDxXKR4wSZidtscCgbNI005f","communication_protocol_version":"1.3.0","com.unity.ml-agents_version":"1.7.2-preview","scene_name":"Track","end_time_seconds":"1609845468"}}