{"count":1,"self":93.925702399999992,"total":151.8829787,"children":{"InitializeActuators":{"count":21,"self":0.0019947,"total":0.0019947,"children":null},"InitializeSensors":{"count":21,"self":0.0009966,"total":0.0009966,"children":null},"AgentSendState":{"count":19017,"self":1.8028422,"total":12.5662276,"children":{"CollectObservations":{"count":79884,"self":0.42478459999999996,"total":0.42478459999999996,"children":null},"WriteActionMask":{"count":79884,"self":0.45181099999999996,"total":0.45181099999999996,"children":null},"RequestDecision":{"count":79884,"self":1.6628003999999998,"total":9.886789799999999,"children":{"AgentInfo.ToProto":{"count":79884,"self":1.0974994999999999,"total":8.2239893999999989,"children":{"GenerateSensorData":{"count":79884,"self":2.4114098,"total":7.1264898999999993,"children":{"RayPerceptionSensor.Perceive":{"count":159768,"self":4.7150799999999995,"total":4.7150801,"children":null}}}}}}}}},"DecideAction":{"count":19017,"self":44.7535136,"total":44.7535145,"children":null},"AgentAct":{"count":19017,"self":0.3302167,"total":0.3302167,"children":null},"AgentInfo.ToProto":{"count":2012,"self":0.054387,"total":0.3033307,"children":{"GenerateSensorData":{"count":2012,"self":0.0748566,"total":0.2489437,"children":{"RayPerceptionSensor.Perceive":{"count":4024,"self":0.1740871,"total":0.1740871,"children":null}}}}}},"gauges":{"CarAI.CumulativeReward":{"count":2012,"max":67.75007,"min":5.91200638,"runningAverage":41.674408,"value":17.878994,"weightedAverage":45.9706268}},"metadata":{"timer_format_version":"0.1.0","start_time_seconds":"1609798193","unity_version":"2019.4.16f1","command_line_arguments":"C:\\Program Files\\Unity\\Hub\\Editor\\2019.4.16f1\\Editor\\Unity.exe -projectpath C:\/Users\/mathi\/Documents\/GitHub\/AI-Learning\/Machine Learning Project -useHub -hubIPC -cloudEnvironment production -hubSessionId 042670d0-4df0-11eb-baf1-214af48fc1c9 -accessToken e_5owPc135Yo2li8P1_OKiM3YgKVAx3krYQMc_ogTJU005f","communication_protocol_version":"1.3.0","com.unity.ml-agents_version":"1.7.2-preview","scene_name":"Track","end_time_seconds":"1609798345"}}