{"count":1,"self":153413.3796864,"total":207600.5235851,"children":{"InitializeActuators":{"count":7,"self":0.001982,"total":0.001982,"children":null},"InitializeSensors":{"count":7,"self":0.0019959,"total":0.0019959,"children":null},"AgentSendState":{"count":14287471,"self":950.2939136,"total":4934.4143345,"children":{"CollectObservations":{"count":20002465,"self":174.5921152,"total":174.5921163,"children":null},"WriteActionMask":{"count":20002465,"self":186.6714624,"total":186.67146119999998,"children":null},"RequestDecision":{"count":20002465,"self":631.56510719999994,"total":3622.8568145,"children":{"AgentInfo.ToProto":{"count":20002465,"self":419.24482559999996,"total":2991.2916981,"children":{"GenerateSensorData":{"count":20002465,"self":868.5947904,"total":2572.0468707,"children":{"RayPerceptionSensor.Perceive":{"count":40004930,"self":1703.4520576,"total":1703.452045,"children":null}}}}}}}}},"DecideAction":{"count":14287471,"self":48927.6112896,"total":48927.6127641,"children":null},"AgentAct":{"count":14287471,"self":316.6747648,"total":316.6747549,"children":null},"AgentInfo.ToProto":{"count":41605,"self":1.444669,"total":8.4418804,"children":{"GenerateSensorData":{"count":41605,"self":2.1335091999999998,"total":6.9972113999999994,"children":{"RayPerceptionSensor.Perceive":{"count":83210,"self":4.863702,"total":4.8637020999999994,"children":null}}}}}},"gauges":{"CarAI.CumulativeReward":{"count":41605,"max":18.1033363,"min":-205.429321,"runningAverage":7.9092164,"value":18.04733,"weightedAverage":18.003561}},"metadata":{"timer_format_version":"0.1.0","start_time_seconds":"1610241099","unity_version":"2019.4.16f1","command_line_arguments":"C:\\Program Files\\Unity\\Hub\\Editor\\2019.4.16f1\\Editor\\Unity.exe -projectpath C:\/Users\/mathi\/Documents\/Github\/AI-Learning\/Machine Learning Project -useHub -hubIPC -cloudEnvironment production -hubSessionId 01f6ce10-50fa-11eb-ba1a-5f98d26878c4 -accessToken mFdatI-wbWvoF2N9_eyCJNvNIZCtKD9hfai0AUkbiiY005f","communication_protocol_version":"1.3.0","com.unity.ml-agents_version":"1.7.2-preview","scene_name":"Track","end_time_seconds":"1610448700"}}