{
    "name": "root",
    "gauges": {
        "CarAI.Policy.Entropy.mean": {
            "value": 0.2326798141002655,
            "min": 0.2325643002986908,
            "max": 1.418938398361206,
            "count": 833
        },
        "CarAI.Environment.EpisodeLength.mean": {
            "value": 76.08441558441558,
            "min": 38.62171052631579,
            "max": 89.49624060150376,
            "count": 833
        },
        "CarAI.MyStats.CheckpointsReached.mean": {
            "value": 10.098360655737705,
            "min": 3.7982954545454546,
            "max": 10.783783783783784,
            "count": 833
        },
        "CarAI.Policy.ExtrinsicValueEstimate.mean": {
            "value": 51.1085205078125,
            "min": -0.17946527898311615,
            "max": 52.62909698486328,
            "count": 833
        },
        "CarAI.Environment.CumulativeReward.mean": {
            "value": 117.61637066256615,
            "min": 41.73155549965283,
            "max": 117.6179703147548,
            "count": 833
        },
        "CarAI.Policy.ExtrinsicReward.mean": {
            "value": 117.61637066256615,
            "min": 41.73155549965283,
            "max": 117.6179703147548,
            "count": 833
        },
        "CarAI.IsTraining.mean": {
            "value": 1.0,
            "min": 1.0,
            "max": 1.0,
            "count": 833
        },
        "CarAI.Losses.PolicyLoss.mean": {
            "value": 0.07405408146053863,
            "min": 0.06261082245056362,
            "max": 0.08563820295744032,
            "count": 830
        },
        "CarAI.Losses.ValueLoss.mean": {
            "value": 47.19977696418762,
            "min": 7.652692891756693,
            "max": 211.09169509887695,
            "count": 830
        },
        "CarAI.Policy.LearningRate.mean": {
            "value": 1.6605994468000943e-07,
            "min": 1.6605994468000943e-07,
            "max": 0.00029963865012044995,
            "count": 830
        },
        "CarAI.Policy.Epsilon.mean": {
            "value": 0.10005532000000002,
            "min": 0.10005532000000002,
            "max": 0.19987955,
            "count": 830
        },
        "CarAI.Policy.Beta.mean": {
            "value": 1.0547668000000032e-05,
            "min": 1.0547668000000032e-05,
            "max": 0.000998807545,
            "count": 830
        }
    },
    "metadata": {
        "timer_format_version": "0.1.0",
        "start_time_seconds": "1609795596",
        "python_version": "3.8.7 (tags/v3.8.7:6503f05, Dec 21 2020, 17:59:51) [MSC v.1928 64 bit (AMD64)]",
        "command_line_arguments": "C:\\Users\\mathi\\AppData\\Local\\Programs\\Python\\Python38\\Scripts\\mlagents-learn config/MyCar.yaml --run-id=CarAI_1.0.0 --time-scale=1 --force",
        "mlagents_version": "0.23.0",
        "mlagents_envs_version": "0.23.0",
        "communication_protocol_version": "1.3.0",
        "pytorch_version": "1.7.0+cu110",
        "numpy_version": "1.19.4",
        "end_time_seconds": "1609868900"
    },
    "total": 73304.1377887,
    "count": 1,
    "self": 0.027595799998380244,
    "children": {
        "run_training.setup": {
            "total": 0.012936599999999743,
            "count": 1,
            "self": 0.012936599999999743
        },
        "TrainerController.start_learning": {
            "total": 73304.0972563,
            "count": 1,
            "self": 19.721972899496905,
            "children": {
                "TrainerController._reset_env": {
                    "total": 24.7707961,
                    "count": 1,
                    "self": 24.7707961
                },
                "TrainerController.advance": {
                    "total": 73259.4998248005,
                    "count": 582948,
                    "self": 10.305309899136773,
                    "children": {
                        "env_step": {
                            "total": 73249.19451490136,
                            "count": 582948,
                            "self": 71076.6267372006,
                            "children": {
                                "SubprocessEnvManager._take_step": {
                                    "total": 2161.609593900649,
                                    "count": 582948,
                                    "self": 52.29992990046412,
                                    "children": {
                                        "TorchPolicy.evaluate": {
                                            "total": 2109.309664000185,
                                            "count": 476235,
                                            "self": 714.4798945983068,
                                            "children": {
                                                "TorchPolicy.sample_actions": {
                                                    "total": 1394.8297694018781,
                                                    "count": 476235,
                                                    "self": 1394.8297694018781
                                                }
                                            }
                                        }
                                    }
                                },
                                "workers": {
                                    "total": 10.958183800117737,
                                    "count": 582948,
                                    "self": 0.0,
                                    "children": {
                                        "worker_root": {
                                            "total": 73258.51833040178,
                                            "count": 582948,
                                            "is_parallel": true,
                                            "self": 3456.9961718025734,
                                            "children": {
                                                "steps_from_proto": {
                                                    "total": 0.00295369999999906,
                                                    "count": 1,
                                                    "is_parallel": true,
                                                    "self": 0.0001639000000039914,
                                                    "children": {
                                                        "_process_vector_observation": {
                                                            "total": 0.0027897999999950684,
                                                            "count": 4,
                                                            "is_parallel": true,
                                                            "self": 0.0027897999999950684
                                                        }
                                                    }
                                                },
                                                "UnityEnvironment.step": {
                                                    "total": 69801.51920489922,
                                                    "count": 582948,
                                                    "is_parallel": true,
                                                    "self": 99.44582359968626,
                                                    "children": {
                                                        "UnityEnvironment._generate_step_input": {
                                                            "total": 676.3717348996801,
                                                            "count": 582948,
                                                            "is_parallel": true,
                                                            "self": 676.3717348996801
                                                        },