{
    "name": "root",
    "gauges": {
        "Sorting_AI.Policy.Entropy.mean": {
            "value": 0.014437098056077957,
            "min": 0.014437098056077957,
            "max": 0.10308288782835007,
            "count": 38
        },
        "Sorting_AI.Environment.EpisodeLength.mean": {
            "value": 98.0,
            "min": 98.0,
            "max": 98.0,
            "count": 38
        },
        "Sorting_AI.MyStats.Ballssortedcorrect.mean": {
            "value": 49.97520661157025,
            "min": 48.868852459016395,
            "max": 49.98347107438016,
            "count": 38
        },
        "Sorting_AI.MyStats.Ballssortedincorrect.mean": {
            "value": 0.024793388429752067,
            "min": 0.01652892561983471,
            "max": 1.1311475409836065,
            "count": 38
        },
        "Sorting_AI.Policy.ExtrinsicValueEstimate.mean": {
            "value": 2.2743587493896484,
            "min": 2.1255154609680176,
            "max": 2.3251941204071045,
            "count": 38
        },
        "Sorting_AI.Environment.CumulativeReward.mean": {
            "value": 5.492562467401678,
            "min": 5.155372497464015,
            "max": 5.495041803880171,
            "count": 38
        },
        "Sorting_AI.Policy.ExtrinsicReward.mean": {
            "value": 5.492562467401678,
            "min": 5.155372497464015,
            "max": 5.495041803880171,
            "count": 38
        },
        "Sorting_AI.IsTraining.mean": {
            "value": 1.0,
            "min": 1.0,
            "max": 1.0,
            "count": 38
        },
        "Sorting_AI.Losses.PolicyLoss.mean": {
            "value": 0.10019198621471301,
            "min": 0.09291967310024597,
            "max": 0.1032512346398191,
            "count": 36
        },
        "Sorting_AI.Losses.ValueLoss.mean": {
            "value": 0.5606941985534438,
            "min": 0.4976498689044986,
            "max": 0.5722313290263744,
            "count": 36
        },
        "Sorting_AI.Policy.LearningRate.mean": {
            "value": 0.00020458878180375006,
            "min": 0.00020458878180375006,
            "max": 0.00026799826066724997,
            "count": 36
        },
        "Sorting_AI.Policy.Epsilon.mean": {
            "value": 0.16819625,
            "min": 0.16819625,
            "max": 0.18933275,
            "count": 36
        },
        "Sorting_AI.Policy.Beta.mean": {
            "value": 0.0006851428750000001,
            "min": 0.0006851428750000001,
            "max": 0.000894394225,
            "count": 36
        }
    },
    "metadata": {
        "timer_format_version": "0.1.0",
        "start_time_seconds": "1610552637",
        "python_version": "3.7.9 (tags/v3.7.9:13c94747c7, Aug 17 2020, 18:58:18) [MSC v.1900 64 bit (AMD64)]",
        "command_line_arguments": "C:\\Users\\mathi\\AppData\\Local\\Programs\\Python\\Python37\\Scripts\\mlagents-learn config/SortingAi.yaml --run-id=SensorAI_0.2 --resume --time-scale=5",
        "mlagents_version": "0.23.0",
        "mlagents_envs_version": "0.23.0",
        "communication_protocol_version": "1.3.0",
        "pytorch_version": "1.7.0+cu110",
        "numpy_version": "1.18.5",
        "end_time_seconds": "1610562009"
    },
    "total": 9371.7406123,
    "count": 1,
    "self": 0.004654000000300584,
    "children": {
        "run_training.setup": {
            "total": 0.012370500000000062,
            "count": 1,
            "self": 0.012370500000000062
        },
        "TrainerController.start_learning": {
            "total": 9371.7235878,
            "count": 1,
            "self": 10.237284299884777,
            "children": {
                "TrainerController._reset_env": {
                    "total": 8.9511316,
                    "count": 1,
                    "self": 8.9511316
                },
                "TrainerController.advance": {
                    "total": 9352.470319500113,
                    "count": 442344,
                    "self": 5.687184599824832,
                    "children": {
                        "env_step": {
                            "total": 9346.783134900288,
                            "count": 442344,
                            "self": 8368.511483100458,
                            "children": {
                                "SubprocessEnvManager._take_step": {
                                    "total": 972.8903186999473,
                                    "count": 442344,
                                    "self": 23.071001900114652,
                                    "children": {
                                        "TorchPolicy.evaluate": {
                                            "total": 949.8193167998327,
                                            "count": 438078,
                                            "self": 356.86040850008,
                                            "children": {
                                                "TorchPolicy.sample_actions": {
                                                    "total": 592.9589082997527,
                                                    "count": 438078,
                                                    "self": 592.9589082997527
                                                }
                                            }
                                        }
                                    }
                                },
                                "workers": {
                                    "total": 5.381333099882635,
                                    "count": 442343,
                                    "self": 0.0,
                                    "children": {
                                        "worker_root": {
                                            "total": 9353.544103300064,
                                            "count": 442343,
                                            "is_parallel": true,
                                            "self": 1368.9803399999255,
                                            "children": {
                                                "steps_from_proto": {
                                                    "total": 0.000547499999999701,
                                                    "count": 1,
                                                    "is_parallel": true,
                                                    "self": 0.00037749999999991957,
                                                    "children": {
                                                        "_process_vector_observation": {
                                                            "total": 0.00016999999999978144,
                                                            "count": 2,
                                                            "is_parallel": true,
                                                            "self": 0.00016999999999978144
                                                        }
                                                    }
                                                },
                                                "UnityEnvironment.step": {
                                                    "total": 7984.563215800139,
                                                    "count": 442343,
                                                    "is_parallel": true,
                                                    "self": 32.95542000055684,
                                                    "children": {
                                                        "UnityEnvironment._generate_step_input": {
                                                            "total": 27.539506799680822,
                                                            "count": 442343,
                                                            "is_parallel": true,