{
    "name": "root",
    "gauges": {
        "CarAI.Policy.Entropy.mean": {
            "value": 0.7112283110618591,
            "min": 0.7112283110618591,
            "max": 1.7907418012619019,
            "count": 37
        },
        "CarAI.Environment.EpisodeLength.mean": {
            "value": 15566.0,
            "min": 25.95291479820628,
            "max": 18979.0,
            "count": 31
        },
        "CarAI.Policy.ExtrinsicValueEstimate.mean": {
            "value": -0.5037091374397278,
            "min": -1.8218923807144165,
            "max": 0.002694063587114215,
            "count": 37
        },
        "CarAI.Environment.CumulativeReward.mean": {
            "value": -88.36500000953674,
            "min": -88.36500000953674,
            "max": -2.4085063589380145,
            "count": 30
        },
        "CarAI.Policy.ExtrinsicReward.mean": {
            "value": -88.36500000953674,
            "min": -88.36500000953674,
            "max": -2.4085063589380145,
            "count": 30
        },
        "CarAI.IsTraining.mean": {
            "value": 1.0,
            "min": 1.0,
            "max": 1.0,
            "count": 37
        },
        "CarAI.Losses.PolicyLoss.mean": {
            "value": 0.10548719351160017,
            "min": 0.09193152560798264,
            "max": 0.10623715458680176,
            "count": 35
        },
        "CarAI.Losses.ValueLoss.mean": {
            "value": 5.009666455768231e-07,
            "min": 5.009666455768231e-07,
            "max": 5.32425030115029,
            "count": 35
        },
        "CarAI.Policy.LearningRate.mean": {
            "value": 0.00028705485431505,
            "min": 0.00028705485431505,
            "max": 0.00029963937012021,
            "count": 35
        },
        "CarAI.Policy.Epsilon.mean": {
            "value": 0.19568495,
            "min": 0.19568495,
            "max": 0.19987979,
            "count": 35
        },
        "CarAI.Policy.Beta.mean": {
            "value": 0.000957281005,
            "min": 0.000957281005,
            "max": 0.0009988099210000002,
            "count": 35
        }
    },
    "metadata": {
        "timer_format_version": "0.1.0",
        "start_time_seconds": "1609625940",
        "python_version": "3.7.9 (tags/v3.7.9:13c94747c7, Aug 17 2020, 18:58:18) [MSC v.1900 64 bit (AMD64)]",
        "command_line_arguments": "C:\\Users\\mathi\\AppData\\Local\\Programs\\Python\\Python37\\Scripts\\mlagents-learn config/ppo/MyCar.yaml --run-id=CarAI_0.3",
        "mlagents_version": "0.23.0",
        "mlagents_envs_version": "0.23.0",
        "communication_protocol_version": "1.3.0",
        "pytorch_version": "1.7.0+cu110",
        "numpy_version": "1.18.5",
        "end_time_seconds": "1609626887"
    },
    "total": 946.5956107999999,
    "count": 1,
    "self": 0.00535269999988941,
    "children": {
        "run_training.setup": {
            "total": 0.19322289999999986,
            "count": 1,
            "self": 0.19322289999999986
        },
        "TrainerController.start_learning": {
            "total": 946.3970352,
            "count": 1,
            "self": 1.5458110000000715,
            "children": {
                "TrainerController._reset_env": {
                    "total": 6.771429899999999,
                    "count": 1,
                    "self": 6.771429899999999
                },
                "TrainerController.advance": {
                    "total": 937.9690704,
                    "count": 60906,
                    "self": 0.8744927000011558,
                    "children": {
                        "env_step": {
                            "total": 937.0945776999988,
                            "count": 60906,
                            "self": 721.2651450999931,
                            "children": {
                                "SubprocessEnvManager._take_step": {
                                    "total": 215.04012470000595,
                                    "count": 60906,
                                    "self": 3.7252783000025715,
                                    "children": {
                                        "TorchPolicy.evaluate": {
                                            "total": 211.31484640000338,
                                            "count": 57021,
                                            "self": 57.142649800000584,
                                            "children": {
                                                "TorchPolicy.sample_actions": {
                                                    "total": 154.1721966000028,
                                                    "count": 57021,
                                                    "self": 154.1721966000028
                                                }
                                            }
                                        }
                                    }
                                },
                                "workers": {
                                    "total": 0.7893078999997538,
                                    "count": 60905,
                                    "self": 0.0,
                                    "children": {
                                        "worker_root": {
                                            "total": 939.2076571999942,
                                            "count": 60905,
                                            "is_parallel": true,
                                            "self": 362.6889979000058,
                                            "children": {
                                                "steps_from_proto": {
                                                    "total": 0.0004632999999998333,
                                                    "count": 1,
                                                    "is_parallel": true,
                                                    "self": 0.0001610000000002998,
                                                    "children": {
                                                        "_process_vector_observation": {
                                                            "total": 0.0003022999999995335,
                                                            "count": 2,
                                                            "is_parallel": true,
                                                            "self": 0.0003022999999995335
                                                        }
                                                    }
                                                },
                                                "UnityEnvironment.step": {
                                                    "total": 576.5181959999884,
                                                    "count": 60905,
                                                    "is_parallel": true,
                                                    "self": 6.372377599984361,
                                                    "children": {
                                                        "UnityEnvironment._generate_step_input": {
                                                            "total": 8.358461399992546,
                                                            "count": 60905,
                                                            "is_parallel": true,
                                                            "self": 8.358461399992546
                                                        },
                                                        "communicator.exchange": {
                                                            "total": 543.1333191000103,
                                                            "count": 60905,
                                                            "is_parallel": true,