{
    "name": "root",
    "gauges": {
        "CarAI.Policy.Entropy.mean": {
            "value": 1.3702837228775024,
            "min": 1.3702837228775024,
            "max": 1.418938159942627,
            "count": 12
        },
        "CarAI.Environment.EpisodeLength.mean": {
            "value": 77.1038961038961,
            "min": 35.941717791411044,
            "max": 79.99324324324324,
            "count": 12
        },
        "CarAI.MyStats.CheckpointsReached.mean": {
            "value": 6.220779220779221,
            "min": 2.6901840490797544,
            "max": 6.220779220779221,
            "count": 12
        },
        "CarAI.MyStats.TimepreachCheckpoint.mean": {
            "value": 372.64901574865564,
            "min": 48.670258302081585,
            "max": Infinity,
            "count": 12
        },
        "CarAI.MyStats.TimeAlive.mean": {
            "value": 6.904818448153409,
            "min": 2.7610440652794632,
            "max": 12.187761156486742,
            "count": 12
        },
        "CarAI.MyStats.Lapscompleted.mean": {
            "value": 0.0,
            "min": -0.006060606060606061,
            "max": 0.0,
            "count": 12
        },
        "CarAI.Policy.ExtrinsicValueEstimate.mean": {
            "value": 0.6844750046730042,
            "min": -0.030978962779045105,
            "max": 0.6844750046730042,
            "count": 12
        },
        "CarAI.Environment.CumulativeReward.mean": {
            "value": 2.2251689016044915,
            "min": 0.6594677806817568,
            "max": 2.2251689016044915,
            "count": 12
        },
        "CarAI.Policy.ExtrinsicReward.mean": {
            "value": 2.2251689016044915,
            "min": 0.6594677806817568,
            "max": 2.2251689016044915,
            "count": 12
        },
        "CarAI.IsTraining.mean": {
            "value": 1.0,
            "min": 1.0,
            "max": 1.0,
            "count": 12
        },
        "CarAI.Losses.PolicyLoss.mean": {
            "value": 0.07382136988958034,
            "min": 0.0683015838698096,
            "max": 0.07742052474669739,
            "count": 11
        },
        "CarAI.Losses.ValueLoss.mean": {
            "value": 0.0307488293821613,
            "min": 0.0307488293821613,
            "max": 0.15856081627309324,
            "count": 11
        },
        "CarAI.Policy.LearningRate.mean": {
            "value": 0.0002960272513242499,
            "min": 0.0002960272513242499,
            "max": 0.00029963871012043,
            "count": 11
        },
        "CarAI.Policy.Epsilon.mean": {
            "value": 0.19867575,
            "min": 0.19867575,
            "max": 0.19987956999999998,
            "count": 11
        },
        "CarAI.Policy.Beta.mean": {
            "value": 0.000986889925,
            "min": 0.000986889925,
            "max": 0.0009988077429999998,
            "count": 11
        }
    },
    "metadata": {
        "timer_format_version": "0.1.0",
        "start_time_seconds": "1609849879",
        "python_version": "3.7.9 (tags/v3.7.9:13c94747c7, Aug 17 2020, 18:58:18) [MSC v.1900 64 bit (AMD64)]",
        "command_line_arguments": "C:\\Users\\mathi\\AppData\\Local\\Programs\\Python\\Python37\\Scripts\\mlagents-learn config/MyCar.yaml --run-id=RD_1 --time-scale=5",
        "mlagents_version": "0.23.0",
        "mlagents_envs_version": "0.23.0",
        "communication_protocol_version": "1.3.0",
        "pytorch_version": "1.7.0+cu110",
        "numpy_version": "1.18.5",
        "end_time_seconds": "1609850464"
    },
    "total": 584.4206854,
    "count": 1,
    "self": 0.005302499999970678,
    "children": {
        "run_training.setup": {
            "total": 0.12538150000000003,
            "count": 1,
            "self": 0.12538150000000003
        },
        "TrainerController.start_learning": {
            "total": 584.2900014,
            "count": 1,
            "self": 0.6645795999967277,
            "children": {
                "TrainerController._reset_env": {
                    "total": 10.8201704,
                    "count": 1,
                    "self": 10.8201704
                },
                "TrainerController.advance": {
                    "total": 572.7095712000033,
                    "count": 27099,
                    "self": 0.3827039000026389,
                    "children": {
                        "env_step": {
                            "total": 572.3268673000007,
                            "count": 27099,
                            "self": 522.229879600013,
                            "children": {
                                "SubprocessEnvManager._take_step": {
                                    "total": 49.74854929999302,
                                    "count": 27099,
                                    "self": 1.6851350999970194,
                                    "children": {
                                        "TorchPolicy.evaluate": {
                                            "total": 48.063414199996004,
                                            "count": 25208,
                                            "self": 18.51412299998887,
                                            "children": {
                                                "TorchPolicy.sample_actions": {
                                                    "total": 29.549291200007133,
                                                    "count": 25208,
                                                    "self": 29.549291200007133
                                                }
                                            }
                                        }
                                    }
                                },
                                "workers": {
                                    "total": 0.34843839999472337,
                                    "count": 27098,
                                    "self": 0.0,
                                    "children": {
                                        "worker_root": {
                                            "total": 573.9640370999971,
                                            "count": 27098,
                                            "is_parallel": true,
                                            "self": 85.61521099999567,
                                            "children": {
                                                "steps_from_proto": {
                                                    "total": 0.00040610000000107505,
                                                    "count": 1,
                                                    "is_parallel": true,
                                                    "self": 8.2900000000663e-05,
                                                    "children": {
                                                        "_process_vector_observation": {
                                                            "total": 0.00032320000000041205,
                                                            "count": 4,
                                                            "is_parallel": true,
                                                            "self": 0.00032320000000041205
                                                        }
                                                    }
                                                },
                                                "UnityEnvironment.step": {
                                                    "total": 488.3484200000014,
                                                    "count": 27098,
                                                    "is_parallel": true,
                                                    "self": 2.890101899998399,