{
    "name": "root",
    "gauges": {
        "CarAI.Policy.Entropy.mean": {
            "value": 0.8343878984451294,
            "min": 0.8343878984451294,
            "max": 1.7836370468139648,
            "count": 6
        },
        "CarAI.Environment.EpisodeLength.mean": {
            "value": 2156.1666666666665,
            "min": 28.006376811594205,
            "max": 2156.1666666666665,
            "count": 6
        },
        "CarAI.Policy.ExtrinsicValueEstimate.mean": {
            "value": -0.7997641563415527,
            "min": -1.8262324333190918,
            "max": -0.6391182541847229,
            "count": 6
        },
        "CarAI.Environment.CumulativeReward.mean": {
            "value": -12.784000739455223,
            "min": -12.784000739455223,
            "max": -2.6967181475868203,
            "count": 6
        },
        "CarAI.Policy.ExtrinsicReward.mean": {
            "value": -12.784000739455223,
            "min": -12.784000739455223,
            "max": -2.6967181475868203,
            "count": 6
        },
        "CarAI.Losses.PolicyLoss.mean": {
            "value": 0.022125502107664945,
            "min": 0.022125502107664945,
            "max": 0.025219519001742203,
            "count": 6
        },
        "CarAI.Losses.ValueLoss.mean": {
            "value": 0.001949082877448139,
            "min": 0.001949082877448139,
            "max": 1.9617840111255644,
            "count": 6
        },
        "CarAI.Policy.LearningRate.mean": {
            "value": 0.00013359725546759998,
            "min": 0.00013359725546759998,
            "max": 0.00028461135512954994,
            "count": 6
        },
        "CarAI.Policy.Epsilon.mean": {
            "value": 0.14453240000000003,
            "min": 0.14453240000000003,
            "max": 0.19487044999999997,
            "count": 6
        },
        "CarAI.Policy.Beta.mean": {
            "value": 0.0022321667600000003,
            "min": 0.0022321667600000003,
            "max": 0.004744035455,
            "count": 6
        },
        "CarAI.IsTraining.mean": {
            "value": 1.0,
            "min": 1.0,
            "max": 1.0,
            "count": 6
        }
    },
    "metadata": {
        "timer_format_version": "0.1.0",
        "start_time_seconds": "1609627466",
        "python_version": "3.7.9 (tags/v3.7.9:13c94747c7, Aug 17 2020, 18:58:18) [MSC v.1900 64 bit (AMD64)]",
        "command_line_arguments": "C:\\Users\\mathi\\AppData\\Local\\Programs\\Python\\Python37\\Scripts\\mlagents-learn --run-id=CarAI_0.3_1",
        "mlagents_version": "0.23.0",
        "mlagents_envs_version": "0.23.0",
        "communication_protocol_version": "1.3.0",
        "pytorch_version": "1.7.0+cu110",
        "numpy_version": "1.18.5",
        "end_time_seconds": "1609628073"
    },
    "total": 606.803251,
    "count": 1,
    "self": 0.0033409000001256572,
    "children": {
        "run_training.setup": {
            "total": 0.14233119999999988,
            "count": 1,
            "self": 0.14233119999999988
        },
        "TrainerController.start_learning": {
            "total": 606.6575789,
            "count": 1,
            "self": 1.116144099996518,
            "children": {
                "TrainerController._reset_env": {
                    "total": 28.1308541,
                    "count": 1,
                    "self": 28.1308541
                },
                "TrainerController.advance": {
                    "total": 577.3124602000034,
                    "count": 45891,
                    "self": 0.6161128000060216,
                    "children": {
                        "env_step": {
                            "total": 576.6963473999974,
                            "count": 45891,
                            "self": 431.5195512000002,
                            "children": {
                                "SubprocessEnvManager._take_step": {
                                    "total": 144.60277619999803,
                                    "count": 45891,
                                    "self": 2.5910229999961416,
                                    "children": {
                                        "TorchPolicy.evaluate": {
                                            "total": 142.0117532000019,
                                            "count": 42467,
                                            "self": 40.71113540000104,
                                            "children": {
                                                "TorchPolicy.sample_actions": {
                                                    "total": 101.30061780000085,
                                                    "count": 42467,
                                                    "self": 101.30061780000085
                                                }
                                            }
                                        }
                                    }
                                },
                                "workers": {
                                    "total": 0.5740199999991908,
                                    "count": 45890,
                                    "self": 0.0,
                                    "children": {
                                        "worker_root": {
                                            "total": 578.5087744999952,
                                            "count": 45890,
                                            "is_parallel": true,
                                            "self": 204.79855839999158,
                                            "children": {
                                                "steps_from_proto": {
                                                    "total": 0.0005455000000011978,
                                                    "count": 1,
                                                    "is_parallel": true,
                                                    "self": 0.00019950000000079626,
                                                    "children": {
                                                        "_process_vector_observation": {
                                                            "total": 0.00034600000000040154,
                                                            "count": 2,
                                                            "is_parallel": true,
                                                            "self": 0.00034600000000040154
                                                        }
                                                    }
                                                },
                                                "UnityEnvironment.step": {
                                                    "total": 373.7096706000036,
                                                    "count": 45890,
                                                    "is_parallel": true,
                                                    "self": 4.644894099996179,
                                                    "children": {
                                                        "UnityEnvironment._generate_step_input": {
                                                            "total": 5.966945300007854,
                                                            "count": 45890,
                                                            "is_parallel": true,
                                                            "self": 5.966945300007854
                                                        },
                                                        "communicator.exchange": {
                                                            "total": 349.3927477000027,
                                                            "count": 45890,
                                                            "is_parallel": true,