{
    "name": "root",
    "gauges": {
        "CarAI.Policy.Entropy.mean": {
            "value": 0.38496923446655273,
            "min": 0.26500022411346436,
            "max": 0.39132818579673767,
            "count": 142
        },
        "CarAI.MyStats.Laptime.mean": {
            "value": 27.155106707317074,
            "min": 26.764276413690474,
            "max": 27.326497395833332,
            "count": 142
        },
        "CarAI.Environment.EpisodeLength.mean": {
            "value": 797.4666666666667,
            "min": 317.5833333333333,
            "max": 824.3571428571429,
            "count": 142
        },
        "CarAI.MyStats.CheckpointsReached.mean": {
            "value": 41.53333333333333,
            "min": 15.024390243902438,
            "max": 43.0,
            "count": 142
        },
        "CarAI.MyStats.TimepreachCheckpoint.mean": {
            "value": 1.9214857737223308,
            "min": 1.8851877817740808,
            "max": 3430.7297367322735,
            "count": 142
        },
        "CarAI.MyStats.TimeAlive.mean": {
            "value": 79.72955729166667,
            "min": 59.318994140625,
            "max": 3458.306640625,
            "count": 142
        },
        "CarAI.MyStats.Lapscompleted.mean": {
            "value": 2.8,
            "min": 0.3170731707317073,
            "max": 3.0,
            "count": 142
        },
        "CarAI.Policy.ExtrinsicValueEstimate.mean": {
            "value": 1.9823490381240845,
            "min": 1.8764907121658325,
            "max": 2.034353017807007,
            "count": 142
        },
        "CarAI.Environment.CumulativeReward.mean": {
            "value": 17.788469123840333,
            "min": 6.112500806649526,
            "max": 18.43150234222412,
            "count": 142
        },
        "CarAI.Policy.ExtrinsicReward.mean": {
            "value": 17.788469123840333,
            "min": 6.112500806649526,
            "max": 18.43150234222412,
            "count": 142
        },
        "CarAI.IsTraining.mean": {
            "value": 1.0,
            "min": 1.0,
            "max": 1.0,
            "count": 142
        },
        "CarAI.Losses.PolicyLoss.mean": {
            "value": 0.06591341310782584,
            "min": 0.06492101544335466,
            "max": 0.08407336408390906,
            "count": 137
        },
        "CarAI.Losses.ValueLoss.mean": {
            "value": 0.01775914806190854,
            "min": 0.00906900634069994,
            "max": 0.11187436561410626,
            "count": 137
        },
        "CarAI.Policy.LearningRate.mean": {
            "value": 0.00022977649740784197,
            "min": 0.00022977649740784197,
            "max": 0.00023986902804366402,
            "count": 137
        },
        "CarAI.Policy.Epsilon.mean": {
            "value": 0.17659215800000005,
            "min": 0.17659215800000005,
            "max": 0.17995633600000002,
            "count": 137
        },
        "CarAI.Policy.Beta.mean": {
            "value": 0.0007682623642000002,
            "min": 0.0007682623642000002,
            "max": 0.0008015677264000003,
            "count": 137
        }
    },
    "metadata": {
        "timer_format_version": "0.1.0",
        "start_time_seconds": "1610195842",
        "python_version": "3.8.7 (tags/v3.8.7:6503f05, Dec 21 2020, 17:59:51) [MSC v.1928 64 bit (AMD64)]",
        "command_line_arguments": "C:\\Users\\mathi\\AppData\\Local\\Programs\\Python\\Python38\\Scripts\\mlagents-learn config/MyCar.yaml --run-id=RD_2.2 --time-scale=1 --resume",
        "mlagents_version": "0.23.0",
        "mlagents_envs_version": "0.23.0",
        "communication_protocol_version": "1.3.0",
        "pytorch_version": "1.7.0+cu110",
        "numpy_version": "1.19.4",
        "end_time_seconds": "1610214878"
    },
    "total": 19036.0333313,
    "count": 1,
    "self": 0.01636980000330368,
    "children": {
        "run_training.setup": {
            "total": 0.02080150000000014,
            "count": 1,
            "self": 0.02080150000000014
        },
        "TrainerController.start_learning": {
            "total": 19035.99616,
            "count": 1,
            "self": 8.684003500180552,
            "children": {
                "TrainerController._reset_env": {
                    "total": 9.7969293,
                    "count": 1,
                    "self": 9.7969293
                },
                "TrainerController.advance": {
                    "total": 19017.29346789982,
                    "count": 246834,
                    "self": 4.462761000540922,
                    "children": {
                        "env_step": {
                            "total": 19012.83070689928,
                            "count": 246834,
                            "self": 17866.91513739976,
                            "children": {
                                "SubprocessEnvManager._take_step": {
                                    "total": 1141.0557057994004,
                                    "count": 246834,
                                    "self": 24.871180799021886,
                                    "children": {
                                        "TorchPolicy.evaluate": {
                                            "total": 1116.1845250003785,
                                            "count": 244992,
                                            "self": 599.1372315998665,
                                            "children": {
                                                "TorchPolicy.sample_actions": {
                                                    "total": 517.047293400512,
                                                    "count": 244992,
                                                    "self": 517.047293400512
                                                }
                                            }
                                        }
                                    }
                                },
                                "workers": {
                                    "total": 4.859863700122041,
                                    "count": 246833,
                                    "self": 0.0,
                                    "children": {
                                        "worker_root": {
                                            "total": 19017.324433800426,
                                            "count": 246833,
                                            "is_parallel": true,
                                            "self": 1610.8528738004643,
                                            "children": {
                                                "steps_from_proto": {
                                                    "total": 0.0004348999999992387,
                                                    "count": 1,
                                                    "is_parallel": true,
                                                    "self": 8.940000000023929e-05,
                                                    "children": {
                                                        "_process_vector_observation": {
                                                            "total": 0.0003454999999989994,
                                                            "count": 4,
                                                            "is_parallel": true,
                                                            "self": 0.0003454999999989994
                                                        }
                                                    }
                                                },
                                                "UnityEnvironment.step": {
                                                    "total": 17406.47112509996,
                                                    "count": 246833,
                                                    "is_parallel": true,