{
    "name": "root",
    "metadata": {
        "timer_format_version": "0.1.0",
        "start_time_seconds": "1610499383",
        "python_version": "3.7.9 (tags/v3.7.9:13c94747c7, Aug 17 2020, 18:58:18) [MSC v.1900 64 bit (AMD64)]",
        "command_line_arguments": "C:\\Users\\mathi\\AppData\\Local\\Programs\\Python\\Python37\\Scripts\\mlagents-learn --run-id=InitialTest1",
        "mlagents_version": "0.23.0",
        "mlagents_envs_version": "0.23.0",
        "communication_protocol_version": "1.3.0",
        "pytorch_version": "1.7.0+cu110",
        "numpy_version": "1.18.5",
        "end_time_seconds": "1610499582"
    },
    "total": 199.2202699,
    "count": 1,
    "self": 0.0031881000000169024,
    "children": {
        "run_training.setup": {
            "total": 0.011541899999999994,
            "count": 1,
            "self": 0.011541899999999994
        },
        "TrainerController.start_learning": {
            "total": 199.2055399,
            "count": 1,
            "self": 0.17166489999988244,
            "children": {
                "TrainerController._reset_env": {
                    "total": 7.3988083,
                    "count": 1,
                    "self": 7.3988083
                },
                "TrainerController.advance": {
                    "total": 191.5517735000001,
                    "count": 6858,
                    "self": 0.091874799999772,
                    "children": {
                        "env_step": {
                            "total": 191.45989870000034,
                            "count": 6858,
                            "self": 174.65176740000067,
                            "children": {
                                "SubprocessEnvManager._take_step": {
                                    "total": 16.721975100000385,
                                    "count": 6858,
                                    "self": 0.40455479999960886,
                                    "children": {
                                        "TorchPolicy.evaluate": {
                                            "total": 16.317420300000776,
                                            "count": 6801,
                                            "self": 6.818072300002111,
                                            "children": {
                                                "TorchPolicy.sample_actions": {
                                                    "total": 9.499347999998665,
                                                    "count": 6801,
                                                    "self": 9.499347999998665
                                                }
                                            }
                                        }
                                    }
                                },
                                "workers": {
                                    "total": 0.08615619999928903,
                                    "count": 6857,
                                    "self": 0.0,
                                    "children": {
                                        "worker_root": {
                                            "total": 192.88934609999956,
                                            "count": 6857,
                                            "is_parallel": true,
                                            "self": 26.6578188000002,
                                            "children": {
                                                "steps_from_proto": {
                                                    "total": 0.00036300000000011323,
                                                    "count": 1,
                                                    "is_parallel": true,
                                                    "self": 0.00018110000000071125,
                                                    "children": {
                                                        "_process_vector_observation": {
                                                            "total": 0.00018189999999940198,
                                                            "count": 2,
                                                            "is_parallel": true,
                                                            "self": 0.00018189999999940198
                                                        }
                                                    }
                                                },
                                                "UnityEnvironment.step": {
                                                    "total": 166.23116429999936,
                                                    "count": 6857,
                                                    "is_parallel": true,
                                                    "self": 0.6071040999988782,
                                                    "children": {
                                                        "UnityEnvironment._generate_step_input": {
                                                            "total": 0.8661417999998653,
                                                            "count": 6857,
                                                            "is_parallel": true,
                                                            "self": 0.8661417999998653
                                                        },
                                                        "communicator.exchange": {
                                                            "total": 163.06987510000022,
                                                            "count": 6857,
                                                            "is_parallel": true,
                                                            "self": 163.06987510000022
                                                        },
                                                        "steps_from_proto": {
                                                            "total": 1.6880433000004125,
                                                            "count": 6857,
                                                            "is_parallel": true,
                                                            "self": 0.8797360000005714,
                                                            "children": {
                                                                "_process_vector_observation": {
                                                                    "total": 0.8083072999998411,
                                                                    "count": 13714,
                                                                    "is_parallel": true,
                                                                    "self": 0.8083072999998411
                                                                }
                                                            }
                                                        }
                                                    }
                                                }
                                            }
                                        }
                                    }
                                }
                            }
                        }
                    }
                },
                "trainer_threads": {
                    "total": 1.810000000546097e-05,
                    "count": 1,
                    "self": 1.810000000546097e-05,
                    "children": {
                        "thread_root": {
                            "total": 0.0,
                            "count": 0,
                            "is_parallel": true,
                            "self": 0.0,
                            "children": {
                                "trainer_advance": {
                                    "total": 191.49405410000134,