{
    "name": "root",
    "metadata": {
        "timer_format_version": "0.1.0",
        "start_time_seconds": "1610754842",
        "python_version": "3.8.7 (tags/v3.8.7:6503f05, Dec 21 2020, 17:59:51) [MSC v.1928 64 bit (AMD64)]",
        "command_line_arguments": "C:\\Users\\mathi\\AppData\\Local\\Programs\\Python\\Python38\\Scripts\\mlagents-learn config/SortingAi.yaml --run-id=SortingAI_0.4.2 --time-scale=5",
        "mlagents_version": "0.23.0",
        "mlagents_envs_version": "0.23.0",
        "communication_protocol_version": "1.3.0",
        "pytorch_version": "1.7.0+cu110",
        "numpy_version": "1.19.4",
        "end_time_seconds": "1610803836"
    },
    "total": 48994.1406163,
    "count": 1,
    "self": 0.025477900002442766,
    "children": {
        "run_training.setup": {
            "total": 0.008437200000000367,
            "count": 1,
            "self": 0.008437200000000367
        },
        "TrainerController.start_learning": {
            "total": 48994.1067012,
            "count": 1,
            "self": 20.07610819832189,
            "children": {
                "TrainerController._reset_env": {
                    "total": 7.995674900000001,
                    "count": 1,
                    "self": 7.995674900000001
                },
                "TrainerController.advance": {
                    "total": 48965.551114101676,
                    "count": 569421,
                    "self": 9.379593900841428,
                    "children": {
                        "env_step": {
                            "total": 48956.171520200834,
                            "count": 569421,
                            "self": 45127.4941104009,
                            "children": {
                                "SubprocessEnvManager._take_step": {
                                    "total": 3817.93615760029,
                                    "count": 569421,
                                    "self": 51.813867800763546,
                                    "children": {
                                        "TorchPolicy.evaluate": {
                                            "total": 3766.1222897995262,
                                            "count": 554666,
                                            "self": 930.5283617004902,
                                            "children": {
                                                "TorchPolicy.sample_actions": {
                                                    "total": 2835.593928099036,
                                                    "count": 554666,
                                                    "self": 2835.593928099036
                                                }
                                            }
                                        }
                                    }
                                },
                                "workers": {
                                    "total": 10.741252199643927,
                                    "count": 569420,
                                    "self": 0.0,
                                    "children": {
                                        "worker_root": {
                                            "total": 48904.040513198466,
                                            "count": 569420,
                                            "is_parallel": true,
                                            "self": 5807.0539023980455,
                                            "children": {
                                                "steps_from_proto": {
                                                    "total": 0.00034859999999969915,
                                                    "count": 1,
                                                    "is_parallel": true,
                                                    "self": 0.0001936999999987421,
                                                    "children": {
                                                        "_process_vector_observation": {
                                                            "total": 0.00015490000000095705,
                                                            "count": 2,
                                                            "is_parallel": true,
                                                            "self": 0.00015490000000095705
                                                        }
                                                    }
                                                },
                                                "UnityEnvironment.step": {
                                                    "total": 43096.98626220042,
                                                    "count": 569420,
                                                    "is_parallel": true,
                                                    "self": 58.619662999648426,
                                                    "children": {
                                                        "UnityEnvironment._generate_step_input": {
                                                            "total": 201.65826070099547,
                                                            "count": 569420,
                                                            "is_parallel": true,
                                                            "self": 201.65826070099547
                                                        },
                                                        "communicator.exchange": {
                                                            "total": 42620.500199798225,
                                                            "count": 569420,
                                                            "is_parallel": true,
                                                            "self": 42620.500199798225
                                                        },
                                                        "steps_from_proto": {
                                                            "total": 216.20813870154842,
                                                            "count": 569420,
                                                            "is_parallel": true,
                                                            "self": 120.33296310080661,
                                                            "children": {
                                                                "_process_vector_observation": {
                                                                    "total": 95.87517560074181,
                                                                    "count": 1138840,
                                                                    "is_parallel": true,
                                                                    "self": 95.87517560074181
                                                                }
                                                            }
                                                        }
                                                    }
                                                }
                                            }
                                        }
                                    }
                                }
                            }
                        }
                    }
                },
                "TrainerController._save_models": {
                    "total": 0.48380400000314694,
                    "count": 1,
                    "self": 0.06027180000091903,
                    "children": {
                        "RLTrainer._checkpoint": {
                            "total": 0.4235322000022279,
                            "count": 1,
                            "self": 0.4235322000022279
                        }
                    }
                }
            }
        }
    }
}