{
    "name": "root",
    "gauges": {
        "CarAI.Policy.Entropy.mean": {
            "value": 1.3890901803970337,
            "min": 1.3890901803970337,
            "max": 1.4189382791519165,
            "count": 6
        },
        "CarAI.Environment.EpisodeLength.mean": {
            "value": 47.1,
            "min": 27.863309352517987,
            "max": 47.1,
            "count": 6
        },
        "CarAI.MyStats.CheckpointsReached.mean": {
            "value": 5.2091254752851714,
            "min": 3.0071942446043165,
            "max": 5.2091254752851714,
            "count": 6
        },
        "CarAI.Policy.ExtrinsicValueEstimate.mean": {
            "value": 4.391213417053223,
            "min": -0.1180696114897728,
            "max": 4.391213417053223,
            "count": 6
        },
        "CarAI.Environment.CumulativeReward.mean": {
            "value": 52.50076741291337,
            "min": 27.858056550988785,
            "max": 52.50076741291337,
            "count": 6
        },
        "CarAI.Policy.ExtrinsicReward.mean": {
            "value": 52.50076741291337,
            "min": 27.858056550988785,
            "max": 52.50076741291337,
            "count": 6
        },
        "CarAI.IsTraining.mean": {
            "value": 1.0,
            "min": 1.0,
            "max": 1.0,
            "count": 6
        },
        "CarAI.Losses.PolicyLoss.mean": {
            "value": 0.07414082100207452,
            "min": 0.06900647610256176,
            "max": 0.07414082100207452,
            "count": 5
        },
        "CarAI.Losses.ValueLoss.mean": {
            "value": 158.58666483561197,
            "min": 135.38972279866536,
            "max": 166.21557245890298,
            "count": 5
        },
        "CarAI.Policy.LearningRate.mean": {
            "value": 0.00029819592060135997,
            "min": 0.00029819592060135997,
            "max": 0.0002996389201203599,
            "count": 5
        },
        "CarAI.Policy.Epsilon.mean": {
            "value": 0.19939864000000004,
            "min": 0.19939864000000004,
            "max": 0.19987964,
            "count": 5
        },
        "CarAI.Policy.Beta.mean": {
            "value": 0.000994046536,
            "min": 0.000994046536,
            "max": 0.0009988084360000001,
            "count": 5
        }
    },
    "metadata": {
        "timer_format_version": "0.1.0",
        "start_time_seconds": "1609798185",
        "python_version": "3.7.9 (tags/v3.7.9:13c94747c7, Aug 17 2020, 18:58:18) [MSC v.1900 64 bit (AMD64)]",
        "command_line_arguments": "C:\\Users\\mathi\\AppData\\Local\\Programs\\Python\\Python37\\Scripts\\mlagents-learn config/MyCar.yaml --run-id=Test2 --time-scale 5 --force",
        "mlagents_version": "0.23.0",
        "mlagents_envs_version": "0.23.0",
        "communication_protocol_version": "1.3.0",
        "pytorch_version": "1.7.0+cu110",
        "numpy_version": "1.18.5",
        "end_time_seconds": "1609798345"
    },
    "total": 159.7377963,
    "count": 1,
    "self": 0.006363900000025069,
    "children": {
        "run_training.setup": {
            "total": 0.014827099999999982,
            "count": 1,
            "self": 0.014827099999999982
        },
        "TrainerController.start_learning": {
            "total": 159.7166053,
            "count": 1,
            "self": 0.14355159999863076,
            "children": {
                "TrainerController._reset_env": {
                    "total": 9.7110796,
                    "count": 1,
                    "self": 9.7110796
                },
                "TrainerController.advance": {
                    "total": 149.76484020000134,
                    "count": 5172,
                    "self": 0.08077800000120305,
                    "children": {
                        "env_step": {
                            "total": 149.68406220000014,
                            "count": 5172,
                            "self": 140.61803810000052,
                            "children": {
                                "SubprocessEnvManager._take_step": {
                                    "total": 8.995752299998973,
                                    "count": 5172,
                                    "self": 0.30883719999871495,
                                    "children": {
                                        "TorchPolicy.evaluate": {
                                            "total": 8.686915100000258,
                                            "count": 3803,
                                            "self": 3.1173126000006217,
                                            "children": {
                                                "TorchPolicy.sample_actions": {
                                                    "total": 5.569602499999636,
                                                    "count": 3803,
                                                    "self": 5.569602499999636
                                                }
                                            }
                                        }
                                    }
                                },
                                "workers": {
                                    "total": 0.07027180000064348,
                                    "count": 5171,
                                    "self": 0.0,
                                    "children": {
                                        "worker_root": {
                                            "total": 151.1248252,
                                            "count": 5171,
                                            "is_parallel": true,
                                            "self": 29.51424649999973,
                                            "children": {
                                                "steps_from_proto": {
                                                    "total": 0.0006287000000000376,
                                                    "count": 1,
                                                    "is_parallel": true,
                                                    "self": 0.00011600000000200339,
                                                    "children": {
                                                        "_process_vector_observation": {
                                                            "total": 0.0005126999999980342,
                                                            "count": 4,
                                                            "is_parallel": true,
                                                            "self": 0.0005126999999980342
                                                        }
                                                    }
                                                },
                                                "UnityEnvironment.step": {
                                                    "total": 121.60995000000028,
                                                    "count": 5171,
                                                    "is_parallel": true,
                                                    "self": 0.8343074999995679,
                                                    "children": {
                                                        "UnityEnvironment._generate_step_input": {
                                                            "total": 1.0510002999995098,
                                                            "count": 5171,
                                                            "is_parallel": true,
                                                            "self": 1.0510002999995098
                                                        },
                                                        "communicator.exchange": {
                                                            "total": 117.4763231000004,