{
    "name": "root",
    "gauges": {
        "CarAI.Policy.Entropy.mean": {
            "value": 0.3881893754005432,
            "min": 0.33230361342430115,
            "max": 2.196821928024292,
            "count": 833
        },
        "CarAI.Environment.EpisodeLength.mean": {
            "value": 260.55882352941177,
            "min": 36.9746835443038,
            "max": 621.3461538461538,
            "count": 833
        },
        "CarAI.Policy.ExtrinsicValueEstimate.mean": {
            "value": 1.8502942323684692,
            "min": -2.692939043045044,
            "max": 1.9732608795166016,
            "count": 833
        },
        "CarAI.Environment.CumulativeReward.mean": {
            "value": 9.611572057860238,
            "min": -9.652619192713782,
            "max": 19.090001168458357,
            "count": 833
        },
        "CarAI.Policy.ExtrinsicReward.mean": {
            "value": 9.611572057860238,
            "min": -9.652619192713782,
            "max": 19.090001168458357,
            "count": 833
        },
        "CarAI.IsTraining.mean": {
            "value": 1.0,
            "min": 1.0,
            "max": 1.0,
            "count": 833
        },
        "CarAI.Losses.PolicyLoss.mean": {
            "value": 0.0968512667369026,
            "min": 0.09044784526095578,
            "max": 0.10908518352824234,
            "count": 814
        },
        "CarAI.Losses.ValueLoss.mean": {
            "value": 7.675539069150755,
            "min": 4.616710929820935,
            "max": 41.6081025910675,
            "count": 814
        },
        "CarAI.Policy.LearningRate.mean": {
            "value": 2.9250990252999855e-07,
            "min": 2.9250990252999855e-07,
            "max": 0.0002996391001203,
            "count": 814
        },
        "CarAI.Policy.Epsilon.mean": {
            "value": 0.10009747000000001,
            "min": 0.10009747000000001,
            "max": 0.19987970000000008,
            "count": 814
        },
        "CarAI.Policy.Beta.mean": {
            "value": 1.0964952999999997e-05,
            "min": 1.0964952999999997e-05,
            "max": 0.0009988090300000006,
            "count": 814
        }
    },
    "metadata": {
        "timer_format_version": "0.1.0",
        "start_time_seconds": "1609511178",
        "python_version": "3.7.9 (tags/v3.7.9:13c94747c7, Aug 17 2020, 18:58:18) [MSC v.1900 64 bit (AMD64)]",
        "command_line_arguments": "C:\\Users\\mathi\\AppData\\Local\\Programs\\Python\\Python37\\Scripts\\mlagents-learn config/ppo/MyCar.yaml --run-id=ReconfiguredBrake --force",
        "mlagents_version": "0.23.0",
        "mlagents_envs_version": "0.23.0",
        "communication_protocol_version": "1.3.0",
        "pytorch_version": "1.7.0+cu110",
        "numpy_version": "1.18.5",
        "end_time_seconds": "1609531738"
    },
    "total": 20560.3579991,
    "count": 1,
    "self": 0.010131100003491156,
    "children": {
        "run_training.setup": {
            "total": 0.14618960000000003,
            "count": 1,
            "self": 0.14618960000000003
        },
        "TrainerController.start_learning": {
            "total": 20560.201678399997,
            "count": 1,
            "self": 31.549799000582425,
            "children": {
                "TrainerController._reset_env": {
                    "total": 6.940611,
                    "count": 1,
                    "self": 6.940611
                },
                "TrainerController.advance": {
                    "total": 20521.63568629941,
                    "count": 1276027,
                    "self": 17.480994298915903,
                    "children": {
                        "env_step": {
                            "total": 20504.154692000495,
                            "count": 1276027,
                            "self": 15890.450689501618,
                            "children": {
                                "SubprocessEnvManager._take_step": {
                                    "total": 4597.31531999909,
                                    "count": 1276027,
                                    "self": 80.527094099225,
                                    "children": {
                                        "TorchPolicy.evaluate": {
                                            "total": 4516.788225899865,
                                            "count": 1250408,
                                            "self": 1189.8154307006835,
                                            "children": {
                                                "TorchPolicy.sample_actions": {
                                                    "total": 3326.9727951991817,
                                                    "count": 1250408,
                                                    "self": 3326.9727951991817
                                                }
                                            }
                                        }
                                    }
                                },
                                "workers": {
                                    "total": 16.388682499785894,
                                    "count": 1276027,
                                    "self": 0.0,
                                    "children": {
                                        "worker_root": {
                                            "total": 20521.539677399585,
                                            "count": 1276027,
                                            "is_parallel": true,
                                            "self": 6494.302967897942,
                                            "children": {
                                                "steps_from_proto": {
                                                    "total": 0.0005869000000000568,
                                                    "count": 1,
                                                    "is_parallel": true,
                                                    "self": 0.00027169999999898664,
                                                    "children": {
                                                        "_process_vector_observation": {
                                                            "total": 0.0003152000000010702,
                                                            "count": 2,
                                                            "is_parallel": true,
                                                            "self": 0.0003152000000010702
                                                        }
                                                    }
                                                },
                                                "UnityEnvironment.step": {
                                                    "total": 14027.236122601644,
                                                    "count": 1276027,
                                                    "is_parallel": true,
                                                    "self": 131.98965870326356,
                                                    "children": {
                                                        "UnityEnvironment._generate_step_input": {
                                                            "total": 179.63487049909932,
                                                            "count": 1276027,
                                                            "is_parallel": true,
                                                            "self": 179.63487049909932
                                                        },
                                                        "communicator.exchange": {
                                                            "total": 13309.686198099935,
                                                            "count": 1276027,
                                                            "is_parallel": true,