{
    "name": "root",
    "gauges": {
        "CarAI.Policy.Entropy.mean": {
            "value": -0.1000920757651329,
            "min": -0.1000923290848732,
            "max": 1.4189382791519165,
            "count": 1666
        },
        "CarAI.Environment.EpisodeLength.mean": {
            "value": 871.0,
            "min": 41.88256227758007,
            "max": 11273.333333333334,
            "count": 1666
        },
        "CarAI.MyStats.CheckpointsReached.mean": {
            "value": 41.857142857142854,
            "min": 1.2741935483870968,
            "max": 43.0,
            "count": 1666
        },
        "CarAI.MyStats.TimepreachCheckpoint.mean": {
            "value": 2.0851925100599016,
            "min": 2.078064421812693,
            "max": 33669.040828704834,
            "count": 1666
        },
        "CarAI.MyStats.TimeAlive.mean": {
            "value": 87.11830357142857,
            "min": 7.690759892086331,
            "max": 33731.73190789474,
            "count": 1666
        },
        "CarAI.MyStats.Lapscompleted.mean": {
            "value": 2.857142857142857,
            "min": -0.10256410256410256,
            "max": 3.0,
            "count": 1666
        },
        "CarAI.Policy.ExtrinsicValueEstimate.mean": {
            "value": 1.8101147413253784,
            "min": -0.2585509717464447,
            "max": 1.8210546970367432,
            "count": 1666
        },
        "CarAI.Environment.CumulativeReward.mean": {
            "value": 17.46500219617571,
            "min": -37.802864980697635,
            "max": 18.030156208918644,
            "count": 1666
        },
        "CarAI.Policy.ExtrinsicReward.mean": {
            "value": 17.46500219617571,
            "min": -37.802864980697635,
            "max": 18.030156208918644,
            "count": 1666
        },
        "CarAI.IsTraining.mean": {
            "value": 1.0,
            "min": 1.0,
            "max": 1.0,
            "count": 1666
        },
        "CarAI.Losses.PolicyLoss.mean": {
            "value": 0.07008497845881487,
            "min": 0.0545548812827595,
            "max": 0.12741491787234344,
            "count": 1612
        },
        "CarAI.Losses.ValueLoss.mean": {
            "value": 0.0077655651421548845,
            "min": 0.001804609089740552,
            "max": 0.20048030893007915,
            "count": 1612
        },
        "CarAI.Policy.LearningRate.mean": {
            "value": 2.98674900475001e-07,
            "min": 2.98674900475001e-07,
            "max": 0.00029981925006025,
            "count": 1612
        },
        "CarAI.Policy.Epsilon.mean": {
            "value": 0.10009952499999998,
            "min": 0.10009952499999998,
            "max": 0.19993974999999997,
            "count": 1612
        },
        "CarAI.Policy.Beta.mean": {
            "value": 1.0985297500000008e-05,
            "min": 1.0985297500000008e-05,
            "max": 0.000999403525,
            "count": 1612
        },
        "CarAI.MyStats.Laptime.mean": {
            "value": 29.54296875,
            "min": 29.30815972222222,
            "max": 384.08616727941177,
            "count": 1451
        }
    },
    "metadata": {
        "timer_format_version": "0.1.0",
        "start_time_seconds": "1610241077",
        "python_version": "3.8.7 (tags/v3.8.7:6503f05, Dec 21 2020, 17:59:51) [MSC v.1928 64 bit (AMD64)]",
        "command_line_arguments": "C:\\Users\\mathi\\AppData\\Local\\Programs\\Python\\Python38\\Scripts\\mlagents-learn config/MyCar.yaml --run-id=RD_2.4 --time-scale=1",
        "mlagents_version": "0.23.0",
        "mlagents_envs_version": "0.23.0",
        "communication_protocol_version": "1.3.0",
        "pytorch_version": "1.7.0+cu110",
        "numpy_version": "1.19.4",
        "end_time_seconds": "1610448700"
    },
    "total": 207622.288447,
    "count": 1,
    "self": 0.01405440000235103,
    "children": {
        "run_training.setup": {
            "total": 0.034973199999999594,
            "count": 1,
            "self": 0.034973199999999594
        },
        "TrainerController.start_learning": {
            "total": 207622.2394194,
            "count": 1,
            "self": 101.32343871172634,
            "children": {
                "TrainerController._reset_env": {
                    "total": 24.204768700000002,
                    "count": 1,
                    "self": 24.204768700000002
                },
                "TrainerController.advance": {
                    "total": 207496.59132848828,
                    "count": 2889861,
                    "self": 53.29199368978152,
                    "children": {
                        "env_step": {
                            "total": 207443.2993347985,
                            "count": 2889861,
                            "self": 197519.28150552427,
                            "children": {
                                "SubprocessEnvManager._take_step": {
                                    "total": 9867.05404949509,
                                    "count": 2889861,
                                    "self": 285.5770783964417,
                                    "children": {
                                        "TorchPolicy.evaluate": {
                                            "total": 9581.476971098647,
                                            "count": 2857494,
                                            "self": 3589.0726298993122,
                                            "children": {
                                                "TorchPolicy.sample_actions": {
                                                    "total": 5992.404341199335,
                                                    "count": 2857494,
                                                    "self": 5992.404341199335
                                                }
                                            }
                                        }
                                    }
                                },
                                "workers": {
                                    "total": 56.963779779155765,
                                    "count": 2889861,
                                    "self": 0.0,
                                    "children": {
                                        "worker_root": {
                                            "total": 207468.14779890524,
                                            "count": 2889861,
                                            "is_parallel": true,
                                            "self": 15135.118839304138,
                                            "children": {
                                                "steps_from_proto": {
                                                    "total": 0.0005044000000005155,
                                                    "count": 1,
                                                    "is_parallel": true,
                                                    "self": 0.00010629999999878237,
                                                    "children": {
                                                        "_process_vector_observation": {
                                                            "total": 0.0003981000000017332,
                                                            "count": 4,
                                                            "is_parallel": true,
                                                            "self": 0.0003981000000017332
                                                        }
                                                    }
                                                },
                                                "UnityEnvironment.step": {
                                                    "total": 192333.0284552011,
                                                    "count": 2889861,