{
    "name": "root",
    "metadata": {
        "timer_format_version": "0.1.0",
        "start_time_seconds": "1609845438",
        "python_version": "3.7.9 (tags/v3.7.9:13c94747c7, Aug 17 2020, 18:58:18) [MSC v.1900 64 bit (AMD64)]",
        "command_line_arguments": "C:\\Users\\mathi\\AppData\\Local\\Programs\\Python\\Python37\\Scripts\\mlagents-learn config/MyCar.yaml --run-id=Test5 --time-scale=5",
        "mlagents_version": "0.23.0",
        "mlagents_envs_version": "0.23.0",
        "communication_protocol_version": "1.3.0",
        "pytorch_version": "1.7.0+cu110",
        "numpy_version": "1.18.5",
        "end_time_seconds": "1609845468"
    },
    "total": 29.7567804,
    "count": 1,
    "self": 0.005120500000000305,
    "children": {
        "run_training.setup": {
            "total": 0.13255899999999987,
            "count": 1,
            "self": 0.13255899999999987
        },
        "TrainerController.start_learning": {
            "total": 29.6191009,
            "count": 1,
            "self": 0.037812100000000015,
            "children": {
                "TrainerController._reset_env": {
                    "total": 9.6949264,
                    "count": 1,
                    "self": 9.6949264
                },
                "TrainerController.advance": {
                    "total": 19.802716999999998,
                    "count": 1087,
                    "self": 0.014804399999981399,
                    "children": {
                        "env_step": {
                            "total": 19.787912600000016,
                            "count": 1087,
                            "self": 17.74728839999994,
                            "children": {
                                "SubprocessEnvManager._take_step": {
                                    "total": 2.0269204000000407,
                                    "count": 1087,
                                    "self": 0.058282400000061685,
                                    "children": {
                                        "TorchPolicy.evaluate": {
                                            "total": 1.968637999999979,
                                            "count": 937,
                                            "self": 0.5967455999999984,
                                            "children": {
                                                "TorchPolicy.sample_actions": {
                                                    "total": 1.3718923999999806,
                                                    "count": 937,
                                                    "self": 1.3718923999999806
                                                }
                                            }
                                        }
                                    }
                                },
                                "workers": {
                                    "total": 0.013703800000037347,
                                    "count": 1086,
                                    "self": 0.0,
                                    "children": {
                                        "worker_root": {
                                            "total": 21.036282699999948,
                                            "count": 1086,
                                            "is_parallel": true,
                                            "self": 4.418176399999954,
                                            "children": {
                                                "steps_from_proto": {
                                                    "total": 0.00040989999999929694,
                                                    "count": 1,
                                                    "is_parallel": true,
                                                    "self": 8.410000000047546e-05,
                                                    "children": {
                                                        "_process_vector_observation": {
                                                            "total": 0.0003257999999988215,
                                                            "count": 4,
                                                            "is_parallel": true,
                                                            "self": 0.0003257999999988215
                                                        }
                                                    }
                                                },
                                                "UnityEnvironment.step": {
                                                    "total": 16.617696399999996,
                                                    "count": 1086,
                                                    "is_parallel": true,
                                                    "self": 0.11780409999991548,
                                                    "children": {
                                                        "UnityEnvironment._generate_step_input": {
                                                            "total": 0.12222380000005373,
                                                            "count": 1086,
                                                            "is_parallel": true,
                                                            "self": 0.12222380000005373
                                                        },
                                                        "communicator.exchange": {
                                                            "total": 16.06931220000006,
                                                            "count": 1086,
                                                            "is_parallel": true,
                                                            "self": 16.06931220000006
                                                        },
                                                        "steps_from_proto": {
                                                            "total": 0.30835629999996783,
                                                            "count": 1086,
                                                            "is_parallel": true,
                                                            "self": 0.08601129999997958,
                                                            "children": {
                                                                "_process_vector_observation": {
                                                                    "total": 0.22234499999998825,
                                                                    "count": 4344,
                                                                    "is_parallel": true,
                                                                    "self": 0.22234499999998825
                                                                }
                                                            }
                                                        }
                                                    }
                                                }
                                            }
                                        }
                                    }
                                }
                            }
                        }
                    }
                },
                "trainer_threads": {
                    "total": 0.0001221000000022343,
                    "count": 1,
                    "self": 0.0001221000000022343,
                    "children": {
                        "thread_root": {
                            "total": 0.0,
                            "count": 0,
                            "is_parallel": true,
                            "self": 0.0,