{
    "name": "root",
    "gauges": {
        "CarAI.Policy.Entropy.mean": {
            "value": 0.5451452732086182,
            "min": 0.49674326181411743,
            "max": 1.2757823467254639,
            "count": 38
        },
        "CarAI.Environment.EpisodeLength.mean": {
            "value": 44.653992395437264,
            "min": 42.36462093862816,
            "max": 592.3333333333334,
            "count": 38
        },
        "CarAI.Policy.ExtrinsicValueEstimate.mean": {
            "value": 15.37622356414795,
            "min": 3.8632938861846924,
            "max": 15.37622356414795,
            "count": 38
        },
        "CarAI.Environment.CumulativeReward.mean": {
            "value": 57.58372664179639,
            "min": 56.20038978843128,
            "max": 145.03541165306456,
            "count": 38
        },
        "CarAI.Policy.ExtrinsicReward.mean": {
            "value": 57.58372664179639,
            "min": 56.20038978843128,
            "max": 145.03541165306456,
            "count": 38
        },
        "CarAI.IsTraining.mean": {
            "value": 1.0,
            "min": 1.0,
            "max": 1.0,
            "count": 38
        },
        "CarAI.Losses.PolicyLoss.mean": {
            "value": 0.07218918298895005,
            "min": 0.06784416967027937,
            "max": 0.08089548386749812,
            "count": 37
        },
        "CarAI.Losses.ValueLoss.mean": {
            "value": 133.9980953725179,
            "min": 23.07565480275871,
            "max": 189.4689505513509,
            "count": 37
        },
        "CarAI.Policy.LearningRate.mean": {
            "value": 0.00027848565717145,
            "min": 0.00027848565717145,
            "max": 0.00029149602283466,
            "count": 37
        },
        "CarAI.Policy.Epsilon.mean": {
            "value": 0.19282855000000002,
            "min": 0.19282855000000002,
            "max": 0.19716534,
            "count": 37
        },
        "CarAI.Policy.Beta.mean": {
            "value": 0.0009290026449999995,
            "min": 0.0009290026449999995,
            "max": 0.000971936866,
            "count": 37
        }
    },
    "metadata": {
        "timer_format_version": "0.1.0",
        "start_time_seconds": "1609636114",
        "python_version": "3.7.9 (tags/v3.7.9:13c94747c7, Aug 17 2020, 18:58:18) [MSC v.1900 64 bit (AMD64)]",
        "command_line_arguments": "C:\\Users\\mathi\\AppData\\Local\\Programs\\Python\\Python37\\Scripts\\mlagents-learn config/ppo/MyCar.yaml --run-id=CarAI_0.7 --resume --time-scale 1",
        "mlagents_version": "0.23.0",
        "mlagents_envs_version": "0.23.0",
        "communication_protocol_version": "1.3.0",
        "pytorch_version": "1.7.0+cu110",
        "numpy_version": "1.18.5",
        "end_time_seconds": "1609640207"
    },
    "total": 4092.8880361,
    "count": 1,
    "self": 0.005094399999961752,
    "children": {
        "run_training.setup": {
            "total": 0.1282738000000001,
            "count": 1,
            "self": 0.1282738000000001
        },
        "TrainerController.start_learning": {
            "total": 4092.7546679,
            "count": 1,
            "self": 1.3629654999431295,
            "children": {
                "TrainerController._reset_env": {
                    "total": 14.8760306,
                    "count": 1,
                    "self": 14.8760306
                },
                "TrainerController.advance": {
                    "total": 4076.4103198000576,
                    "count": 58353,
                    "self": 0.7374656999572835,
                    "children": {
                        "env_step": {
                            "total": 4075.6728541001003,
                            "count": 58353,
                            "self": 3915.3252149001605,
                            "children": {
                                "SubprocessEnvManager._take_step": {
                                    "total": 159.60352269998495,
                                    "count": 58353,
                                    "self": 3.0376374999765687,
                                    "children": {
                                        "TorchPolicy.evaluate": {
                                            "total": 156.56588520000838,
                                            "count": 51300,
                                            "self": 48.46827409995129,
                                            "children": {
                                                "TorchPolicy.sample_actions": {
                                                    "total": 108.0976111000571,
                                                    "count": 51300,
                                                    "self": 108.0976111000571
                                                }
                                            }
                                        }
                                    }
                                },
                                "workers": {
                                    "total": 0.7441164999548526,
                                    "count": 58352,
                                    "self": 0.0,
                                    "children": {
                                        "worker_root": {
                                            "total": 4077.6542897999852,
                                            "count": 58352,
                                            "is_parallel": true,
                                            "self": 238.53570880006328,
                                            "children": {
                                                "steps_from_proto": {
                                                    "total": 0.0004764000000001545,
                                                    "count": 1,
                                                    "is_parallel": true,
                                                    "self": 0.0001610000000002998,
                                                    "children": {
                                                        "_process_vector_observation": {
                                                            "total": 0.0003153999999998547,
                                                            "count": 2,
                                                            "is_parallel": true,
                                                            "self": 0.0003153999999998547
                                                        }
                                                    }
                                                },
                                                "UnityEnvironment.step": {
                                                    "total": 3839.118104599922,
                                                    "count": 58352,
                                                    "is_parallel": true,
                                                    "self": 6.331208999912633,
                                                    "children": {
                                                        "UnityEnvironment._generate_step_input": {
                                                            "total": 7.674150600024456,
                                                            "count": 58352,
                                                            "is_parallel": true,
                                                            "self": 7.674150600024456
                                                        },
                                                        "communicator.exchange": {
                                                            "total": 3806.27210349998,
                                                            "count": 58352,
                                                            "is_parallel": true,