{
    "name": "root",
    "gauges": {
        "CarAI.Policy.Entropy.mean": {
            "value": 0.21956133842468262,
            "min": 0.21956133842468262,
            "max": 0.21956133842468262,
            "count": 1
        },
        "CarAI.Environment.EpisodeLength.mean": {
            "value": 79.01086956521739,
            "min": 79.01086956521739,
            "max": 79.01086956521739,
            "count": 1
        },
        "CarAI.MyStats.CheckpointsReached.mean": {
            "value": 1.5725806451612903,
            "min": 1.5725806451612903,
            "max": 1.5725806451612903,
            "count": 1
        },
        "CarAI.MyStats.TimepreachCheckpoint.mean": {
            "value": 19.19529552421262,
            "min": 19.19529552421262,
            "max": 19.19529552421262,
            "count": 1
        },
        "CarAI.MyStats.TimeAlive.mean": {
            "value": 21.925591176556004,
            "min": 21.925591176556004,
            "max": 21.925591176556004,
            "count": 1
        },
        "CarAI.MyStats.Lapscompleted.mean": {
            "value": -0.25806451612903225,
            "min": -0.25806451612903225,
            "max": -0.25806451612903225,
            "count": 1
        },
        "CarAI.Policy.ExtrinsicValueEstimate.mean": {
            "value": 1.6799827814102173,
            "min": 1.6799827814102173,
            "max": 1.6799827814102173,
            "count": 1
        },
        "CarAI.Environment.CumulativeReward.mean": {
            "value": 0.16247260112028855,
            "min": 0.16247260112028855,
            "max": 0.16247260112028855,
            "count": 1
        },
        "CarAI.Policy.ExtrinsicReward.mean": {
            "value": 0.16247260112028855,
            "min": 0.16247260112028855,
            "max": 0.16247260112028855,
            "count": 1
        },
        "CarAI.IsTraining.mean": {
            "value": 1.0,
            "min": 1.0,
            "max": 1.0,
            "count": 1
        }
    },
    "metadata": {
        "timer_format_version": "0.1.0",
        "start_time_seconds": "1610153489",
        "python_version": "3.7.9 (tags/v3.7.9:13c94747c7, Aug 17 2020, 18:58:18) [MSC v.1900 64 bit (AMD64)]",
        "command_line_arguments": "C:\\Users\\mathi\\AppData\\Local\\Programs\\Python\\Python37\\Scripts\\mlagents-learn config/MyCar.yaml --run-id=RD_2 --resume",
        "mlagents_version": "0.23.0",
        "mlagents_envs_version": "0.23.0",
        "communication_protocol_version": "1.3.0",
        "pytorch_version": "1.7.0+cu110",
        "numpy_version": "1.18.5",
        "end_time_seconds": "1610153525"
    },
    "total": 36.168183,
    "count": 1,
    "self": 0.004661800000000937,
    "children": {
        "run_training.setup": {
            "total": 0.017743000000000064,
            "count": 1,
            "self": 0.017743000000000064
        },
        "TrainerController.start_learning": {
            "total": 36.145778199999995,
            "count": 1,
            "self": 0.03511469999994432,
            "children": {
                "TrainerController._reset_env": {
                    "total": 18.624473899999998,
                    "count": 1,
                    "self": 18.624473899999998
                },
                "TrainerController.advance": {
                    "total": 17.399187200000057,
                    "count": 1389,
                    "self": 0.018478400000009998,
                    "children": {
                        "env_step": {
                            "total": 17.380708800000047,
                            "count": 1389,
                            "self": 14.43482640000001,
                            "children": {
                                "SubprocessEnvManager._take_step": {
                                    "total": 2.9290446999999737,
                                    "count": 1389,
                                    "self": 0.08547109999996749,
                                    "children": {
                                        "TorchPolicy.evaluate": {
                                            "total": 2.8435736000000063,
                                            "count": 1301,
                                            "self": 0.8930643999999255,
                                            "children": {
                                                "TorchPolicy.sample_actions": {
                                                    "total": 1.9505092000000808,
                                                    "count": 1301,
                                                    "self": 1.9505092000000808
                                                }
                                            }
                                        }
                                    }
                                },
                                "workers": {
                                    "total": 0.016837700000063904,
                                    "count": 1388,
                                    "self": 0.0,
                                    "children": {
                                        "worker_root": {
                                            "total": 18.881500199999913,
                                            "count": 1388,
                                            "is_parallel": true,
                                            "self": 5.864176800000028,
                                            "children": {
                                                "steps_from_proto": {
                                                    "total": 0.00041820000000214463,
                                                    "count": 1,
                                                    "is_parallel": true,
                                                    "self": 8.220000000846994e-05,
                                                    "children": {
                                                        "_process_vector_observation": {
                                                            "total": 0.0003359999999936747,
                                                            "count": 4,
                                                            "is_parallel": true,
                                                            "self": 0.0003359999999936747
                                                        }
                                                    }
                                                },
                                                "UnityEnvironment.step": {
                                                    "total": 13.016905199999883,
                                                    "count": 1388,
                                                    "is_parallel": true,
                                                    "self": 0.1528516999997933,
                                                    "children": {
                                                        "UnityEnvironment._generate_step_input": {
                                                            "total": 0.16657360000009902,
                                                            "count": 1388,
                                                            "is_parallel": true,
                                                            "self": 0.16657360000009902
                                                        },
                                                        "communicator.exchange": {
                                                            "total": 12.28153079999996,
                                                            "count": 1388,
                                                            "is_parallel": true,
                                                            "self": 12.28153079999996
                                                        },