{
    "name": "root",
    "gauges": {
        "CarAI.Policy.Entropy.mean": {
            "value": 0.8564743995666504,
            "min": 0.8541999459266663,
            "max": 1.791459083557129,
            "count": 30
        },
        "CarAI.Environment.EpisodeLength.mean": {
            "value": 102.92241379310344,
            "min": 27.445497630331754,
            "max": 102.92241379310344,
            "count": 30
        },
        "CarAI.Policy.ExtrinsicValueEstimate.mean": {
            "value": -0.3984775245189667,
            "min": -1.0184730291366577,
            "max": -0.20383934676647186,
            "count": 30
        },
        "CarAI.Environment.CumulativeReward.mean": {
            "value": -0.8082413737630022,
            "min": -1.8000807488191155,
            "max": -0.8082413737630022,
            "count": 30
        },
        "CarAI.Policy.ExtrinsicReward.mean": {
            "value": -0.8082413737630022,
            "min": -1.8000807488191155,
            "max": -0.8082413737630022,
            "count": 30
        },
        "CarAI.IsTraining.mean": {
            "value": 1.0,
            "min": 1.0,
            "max": 1.0,
            "count": 30
        },
        "CarAI.Losses.PolicyLoss.mean": {
            "value": 0.10208582717912029,
            "min": 0.0904571841572164,
            "max": 0.10371803678240156,
            "count": 29
        },
        "CarAI.Losses.ValueLoss.mean": {
            "value": 0.04074974331520033,
            "min": 0.04074974331520033,
            "max": 3.8878862917317,
            "count": 29
        },
        "CarAI.Policy.LearningRate.mean": {
            "value": 0.00028952121349293004,
            "min": 0.00028952121349293004,
            "max": 0.00029963988012004003,
            "count": 29
        },
        "CarAI.Policy.Epsilon.mean": {
            "value": 0.19650707000000003,
            "min": 0.19650707000000003,
            "max": 0.19987996000000008,
            "count": 29
        },
        "CarAI.Policy.Beta.mean": {
            "value": 0.0009654199930000001,
            "min": 0.0009654199930000001,
            "max": 0.000998811604,
            "count": 29
        }
    },
    "metadata": {
        "timer_format_version": "0.1.0",
        "start_time_seconds": "1609623667",
        "python_version": "3.7.9 (tags/v3.7.9:13c94747c7, Aug 17 2020, 18:58:18) [MSC v.1900 64 bit (AMD64)]",
        "command_line_arguments": "C:\\Users\\mathi\\AppData\\Local\\Programs\\Python\\Python37\\Scripts\\mlagents-learn config/ppo/MyCar.yaml --run-id=CarAI_0.1",
        "mlagents_version": "0.23.0",
        "mlagents_envs_version": "0.23.0",
        "communication_protocol_version": "1.3.0",
        "pytorch_version": "1.7.0+cu110",
        "numpy_version": "1.18.5",
        "end_time_seconds": "1609624535"
    },
    "total": 868.2814293,
    "count": 1,
    "self": 0.005302400000005036,
    "children": {
        "run_training.setup": {
            "total": 0.1408897,
            "count": 1,
            "self": 0.1408897
        },
        "TrainerController.start_learning": {
            "total": 868.1352372,
            "count": 1,
            "self": 2.293442200003369,
            "children": {
                "TrainerController._reset_env": {
                    "total": 22.3341788,
                    "count": 1,
                    "self": 22.3341788
                },
                "TrainerController.advance": {
                    "total": 843.3103291999965,
                    "count": 52496,
                    "self": 0.7020582999963381,
                    "children": {
                        "env_step": {
                            "total": 842.6082709000002,
                            "count": 52496,
                            "self": 688.1497808000036,
                            "children": {
                                "SubprocessEnvManager._take_step": {
                                    "total": 153.76605419999845,
                                    "count": 52496,
                                    "self": 2.8433229999924947,
                                    "children": {
                                        "TorchPolicy.evaluate": {
                                            "total": 150.92273120000596,
                                            "count": 45424,
                                            "self": 40.9616009000183,
                                            "children": {
                                                "TorchPolicy.sample_actions": {
                                                    "total": 109.96113029998766,
                                                    "count": 45424,
                                                    "self": 109.96113029998766
                                                }
                                            }
                                        }
                                    }
                                },
                                "workers": {
                                    "total": 0.6924358999981557,
                                    "count": 52495,
                                    "self": 0.0,
                                    "children": {
                                        "worker_root": {
                                            "total": 845.3346471000057,
                                            "count": 52495,
                                            "is_parallel": true,
                                            "self": 332.74949390001325,
                                            "children": {
                                                "steps_from_proto": {
                                                    "total": 0.000530900000001111,
                                                    "count": 1,
                                                    "is_parallel": true,
                                                    "self": 0.00016559999999898878,
                                                    "children": {
                                                        "_process_vector_observation": {
                                                            "total": 0.00036530000000212226,
                                                            "count": 2,
                                                            "is_parallel": true,
                                                            "self": 0.00036530000000212226
                                                        }
                                                    }
                                                },
                                                "UnityEnvironment.step": {
                                                    "total": 512.5846222999924,
                                                    "count": 52495,
                                                    "is_parallel": true,
                                                    "self": 5.273722199986707,
                                                    "children": {
                                                        "UnityEnvironment._generate_step_input": {
                                                            "total": 6.479467999999731,
                                                            "count": 52495,
                                                            "is_parallel": true,
                                                            "self": 6.479467999999731
                                                        },
                                                        "communicator.exchange": {
                                                            "total": 485.6041230999996,
                                                            "count": 52495,
                                                            "is_parallel": true,