{
    "name": "root",
    "gauges": {
        "Sorting_AI.Policy.Entropy.mean": {
            "value": 0.7184546589851379,
            "min": 0.7184546589851379,
            "max": 2.0784928798675537,
            "count": 71
        },
        "Sorting_AI.Environment.EpisodeLength.mean": {
            "value": 113.40384615384616,
            "min": 112.99065420560747,
            "max": 113.49514563106796,
            "count": 71
        },
        "Sorting_AI.MyStats.Ballssortedcorrect.mean": {
            "value": 28.634615384615383,
            "min": 14.047619047619047,
            "max": 29.2,
            "count": 71
        },
        "Sorting_AI.MyStats.Ballssortedincorrect.mean": {
            "value": 28.576923076923077,
            "min": 27.942857142857143,
            "max": 43.095238095238095,
            "count": 71
        },
        "Sorting_AI.Policy.ExtrinsicValueEstimate.mean": {
            "value": 3.553154945373535,
            "min": 0.0500648207962513,
            "max": 3.604081153869629,
            "count": 71
        },
        "Sorting_AI.Environment.CumulativeReward.mean": {
            "value": 8.98476266860962,
            "min": -4.12403851833481,
            "max": 9.12666744504656,
            "count": 71
        },
        "Sorting_AI.Policy.ExtrinsicReward.mean": {
            "value": 8.98476266860962,
            "min": -4.12403851833481,
            "max": 9.12666744504656,
            "count": 71
        },
        "Sorting_AI.IsTraining.mean": {
            "value": 1.0,
            "min": 1.0,
            "max": 1.0,
            "count": 71
        },
        "Sorting_AI.Losses.PolicyLoss.mean": {
            "value": 0.09521478492292026,
            "min": 0.09249908433483685,
            "max": 0.10914113941223391,
            "count": 70
        },
        "Sorting_AI.Losses.ValueLoss.mean": {
            "value": 1.9918221752479595,
            "min": 0.7460538989294871,
            "max": 3.642891290141087,
            "count": 70
        },
        "Sorting_AI.Policy.LearningRate.mean": {
            "value": 0.00017249929250025,
            "min": 0.00017249929250025,
            "max": 0.00029819775060074995,
            "count": 70
        },
        "Sorting_AI.Policy.Epsilon.mean": {
            "value": 0.15749975,
            "min": 0.15749975,
            "max": 0.19939924999999997,
            "count": 70
        },
        "Sorting_AI.Policy.Beta.mean": {
            "value": 0.0005792475249999998,
            "min": 0.0005792475249999998,
            "max": 0.0009940525749999997,
            "count": 70
        }
    },
    "metadata": {
        "timer_format_version": "0.1.0",
        "start_time_seconds": "1610794976",
        "python_version": "3.7.9 (tags/v3.7.9:13c94747c7, Aug 17 2020, 18:58:18) [MSC v.1900 64 bit (AMD64)]",
        "command_line_arguments": "C:\\Users\\mathi\\AppData\\Local\\Programs\\Python\\Python37\\Scripts\\mlagents-learn config\\SortingAi.yaml --run-id=SortingAI_0.4.3 --time-scale=10",
        "mlagents_version": "0.23.0",
        "mlagents_envs_version": "0.23.0",
        "communication_protocol_version": "1.3.0",
        "pytorch_version": "1.7.0+cu110",
        "numpy_version": "1.18.5",
        "end_time_seconds": "1610804909"
    },
    "total": 9932.2734454,
    "count": 1,
    "self": 0.006106500000896631,
    "children": {
        "run_training.setup": {
            "total": 0.014016200000000145,
            "count": 1,
            "self": 0.014016200000000145
        },
        "TrainerController.start_learning": {
            "total": 9932.253322699999,
            "count": 1,
            "self": 9.66632930006017,
            "children": {
                "TrainerController._reset_env": {
                    "total": 9.144314900000001,
                    "count": 1,
                    "self": 9.144314900000001
                },
                "TrainerController.advance": {
                    "total": 9913.298497199938,
                    "count": 324622,
                    "self": 4.676186200314987,
                    "children": {
                        "env_step": {
                            "total": 9908.622310999623,
                            "count": 324622,
                            "self": 8553.311457000014,
                            "children": {
                                "SubprocessEnvManager._take_step": {
                                    "total": 1351.0477588996364,
                                    "count": 324622,
                                    "self": 21.661348399910594,
                                    "children": {
                                        "TorchPolicy.evaluate": {
                                            "total": 1329.3864104997258,
                                            "count": 319630,
                                            "self": 326.71283189982944,
                                            "children": {
                                                "TorchPolicy.sample_actions": {
                                                    "total": 1002.6735785998964,
                                                    "count": 319630,
                                                    "self": 1002.6735785998964
                                                }
                                            }
                                        }
                                    }
                                },
                                "workers": {
                                    "total": 4.26309509997153,
                                    "count": 324621,
                                    "self": 0.0,
                                    "children": {
                                        "worker_root": {
                                            "total": 9914.689114300087,
                                            "count": 324621,
                                            "is_parallel": true,
                                            "self": 1701.7533730001014,
                                            "children": {
                                                "steps_from_proto": {
                                                    "total": 0.0004363000000005002,
                                                    "count": 1,
                                                    "is_parallel": true,
                                                    "self": 0.00023380000000106094,
                                                    "children": {
                                                        "_process_vector_observation": {
                                                            "total": 0.00020249999999943924,
                                                            "count": 2,
                                                            "is_parallel": true,
                                                            "self": 0.00020249999999943924
                                                        }
                                                    }
                                                },
                                                "UnityEnvironment.step": {
                                                    "total": 8212.935304999985,
                                                    "count": 324621,
                                                    "is_parallel": true,
                                                    "self": 26.941534699869408,
                                                    "children": {
                                                        "UnityEnvironment._generate_step_input": {
                                                            "total": 28.723585900458446,
                                                            "count": 324621,
                                                            "is_parallel": true,