{
    "name": "root",
    "gauges": {
        "Sorting_AI.Policy.Entropy.mean": {
            "value": 0.9956191778182983,
            "min": 0.973908007144928,
            "max": 2.0781402587890625,
            "count": 166
        },
        "Sorting_AI.Policy.ExtrinsicValueEstimate.mean": {
            "value": -0.22215408086776733,
            "min": -0.4250980019569397,
            "max": 0.06620260328054428,
            "count": 166
        },
        "Sorting_AI.Environment.EpisodeLength.mean": {
            "value": 1376.375,
            "min": 1366.0,
            "max": 1409.625,
            "count": 166
        },
        "Sorting_AI.MyStats.Ballssortedcorrect.mean": {
            "value": 19.5,
            "min": 10.7,
            "max": 21.75,
            "count": 166
        },
        "Sorting_AI.MyStats.Ballssortedincorrect.mean": {
            "value": 30.5,
            "min": 28.25,
            "max": 39.3,
            "count": 166
        },
        "Sorting_AI.Environment.CumulativeReward.mean": {
            "value": -3.625000063329935,
            "min": -6.200000062584877,
            "max": -2.933333377043406,
            "count": 166
        },
        "Sorting_AI.Policy.ExtrinsicReward.mean": {
            "value": -3.625000063329935,
            "min": -6.200000062584877,
            "max": -2.933333377043406,
            "count": 166
        },
        "Sorting_AI.IsTraining.mean": {
            "value": 1.0,
            "min": 1.0,
            "max": 1.0,
            "count": 166
        },
        "Sorting_AI.Losses.PolicyLoss.mean": {
            "value": 0.10494726378522932,
            "min": 0.09196672410354749,
            "max": 0.10739413168812462,
            "count": 161
        },
        "Sorting_AI.Losses.ValueLoss.mean": {
            "value": 0.03303331499324834,
            "min": 0.025840240575475588,
            "max": 0.12352476739569714,
            "count": 161
        },
        "Sorting_AI.Policy.LearningRate.mean": {
            "value": 1.67634944124999e-06,
            "min": 1.67634944124999e-06,
            "max": 0.00029817135060955,
            "count": 161
        },
        "Sorting_AI.Policy.Epsilon.mean": {
            "value": 0.10055875000000002,
            "min": 0.10055875000000002,
            "max": 0.19939045,
            "count": 161
        },
        "Sorting_AI.Policy.Beta.mean": {
            "value": 1.5531624999999967e-05,
            "min": 1.5531624999999967e-05,
            "max": 0.000993965455,
            "count": 161
        }
    },
    "metadata": {
        "timer_format_version": "0.1.0",
        "start_time_seconds": "1610730389",
        "python_version": "3.7.9 (tags/v3.7.9:13c94747c7, Aug 17 2020, 18:58:18) [MSC v.1900 64 bit (AMD64)]",
        "command_line_arguments": "C:\\Users\\mathi\\AppData\\Local\\Programs\\Python\\Python37\\Scripts\\mlagents-learn config\\SortingAi.yaml --run-id=SortingAI_0.4.1 --time-scale=5",
        "mlagents_version": "0.23.0",
        "mlagents_envs_version": "0.23.0",
        "communication_protocol_version": "1.3.0",
        "pytorch_version": "1.7.0+cu110",
        "numpy_version": "1.18.5",
        "end_time_seconds": "1610735819"
    },
    "total": 5429.574455499999,
    "count": 1,
    "self": 0.010272899999108631,
    "children": {
        "run_training.setup": {
            "total": 0.01387460000000007,
            "count": 1,
            "self": 0.01387460000000007
        },
        "TrainerController.start_learning": {
            "total": 5429.550308,
            "count": 1,
            "self": 11.87894209978731,
            "children": {
                "TrainerController._reset_env": {
                    "total": 9.3238593,
                    "count": 1,
                    "self": 9.3238593
                },
                "TrainerController.advance": {
                    "total": 5408.2584633002125,
                    "count": 500529,
                    "self": 6.432332000326824,
                    "children": {
                        "env_step": {
                            "total": 5401.826131299886,
                            "count": 500529,
                            "self": 3277.0404911001606,
                            "children": {
                                "SubprocessEnvManager._take_step": {
                                    "total": 2118.768649099621,
                                    "count": 500529,
                                    "self": 30.531065099530224,
                                    "children": {
                                        "TorchPolicy.evaluate": {
                                            "total": 2088.237584000091,
                                            "count": 500529,
                                            "self": 446.0973298001986,
                                            "children": {
                                                "TorchPolicy.sample_actions": {
                                                    "total": 1642.1402541998923,
                                                    "count": 500529,
                                                    "self": 1642.1402541998923
                                                }
                                            }
                                        }
                                    }
                                },
                                "workers": {
                                    "total": 6.016991100104114,
                                    "count": 500529,
                                    "self": 0.0,
                                    "children": {
                                        "worker_root": {
                                            "total": 5408.40199650002,
                                            "count": 500529,
                                            "is_parallel": true,
                                            "self": 2651.884071400245,
                                            "children": {
                                                "steps_from_proto": {
                                                    "total": 0.00037559999999992044,
                                                    "count": 1,
                                                    "is_parallel": true,
                                                    "self": 0.00019279999999977093,
                                                    "children": {
                                                        "_process_vector_observation": {
                                                            "total": 0.0001828000000001495,
                                                            "count": 2,
                                                            "is_parallel": true,
                                                            "self": 0.0001828000000001495
                                                        }
                                                    }
                                                },
                                                "UnityEnvironment.step": {
                                                    "total": 2756.5175494997748,
                                                    "count": 500529,
                                                    "is_parallel": true,
                                                    "self": 41.588329899511336,
                                                    "children": {
                                                        "UnityEnvironment._generate_step_input": {
                                                            "total": 50.34868150009454,
                                                            "count": 500529,
                                                            "is_parallel": true,