{
    "name": "root",
    "gauges": {
        "CarAI.Policy.Entropy.mean": {
            "value": 0.6593102812767029,
            "min": 0.6593102812767029,
            "max": 0.6593102812767029,
            "count": 1
        },
        "CarAI.Environment.EpisodeLength.mean": {
            "value": 98.41176470588235,
            "min": 98.41176470588235,
            "max": 98.41176470588235,
            "count": 1
        },
        "CarAI.Policy.ExtrinsicValueEstimate.mean": {
            "value": 8.38807487487793,
            "min": 8.38807487487793,
            "max": 8.38807487487793,
            "count": 1
        },
        "CarAI.Environment.CumulativeReward.mean": {
            "value": 33.11581006646156,
            "min": 33.11581006646156,
            "max": 33.11581006646156,
            "count": 1
        },
        "CarAI.Policy.ExtrinsicReward.mean": {
            "value": 33.11581006646156,
            "min": 33.11581006646156,
            "max": 33.11581006646156,
            "count": 1
        },
        "CarAI.IsTraining.mean": {
            "value": 1.0,
            "min": 1.0,
            "max": 1.0,
            "count": 1
        }
    },
    "metadata": {
        "timer_format_version": "0.1.0",
        "start_time_seconds": "1609632703",
        "python_version": "3.7.9 (tags/v3.7.9:13c94747c7, Aug 17 2020, 18:58:18) [MSC v.1900 64 bit (AMD64)]",
        "command_line_arguments": "C:\\Users\\mathi\\AppData\\Local\\Programs\\Python\\Python37\\Scripts\\mlagents-learn config/ppo/MyCar.yaml --run-id=CarAI_0.5 --resume",
        "mlagents_version": "0.23.0",
        "mlagents_envs_version": "0.23.0",
        "communication_protocol_version": "1.3.0",
        "pytorch_version": "1.7.0+cu110",
        "numpy_version": "1.18.5",
        "end_time_seconds": "1609632725"
    },
    "total": 21.9634573,
    "count": 1,
    "self": 0.00493409999999983,
    "children": {
        "run_training.setup": {
            "total": 0.13329440000000004,
            "count": 1,
            "self": 0.13329440000000004
        },
        "TrainerController.start_learning": {
            "total": 21.8252288,
            "count": 1,
            "self": 0.019308499999937112,
            "children": {
                "TrainerController._reset_env": {
                    "total": 8.9066719,
                    "count": 1,
                    "self": 8.9066719
                },
                "TrainerController.advance": {
                    "total": 12.784544400000064,
                    "count": 694,
                    "self": 0.008789100000088368,
                    "children": {
                        "env_step": {
                            "total": 12.775755299999975,
                            "count": 694,
                            "self": 10.34658389999985,
                            "children": {
                                "SubprocessEnvManager._take_step": {
                                    "total": 2.421292700000018,
                                    "count": 694,
                                    "self": 0.03838909999997675,
                                    "children": {
                                        "TorchPolicy.evaluate": {
                                            "total": 2.3829036000000414,
                                            "count": 657,
                                            "self": 0.5265717000000336,
                                            "children": {
                                                "TorchPolicy.sample_actions": {
                                                    "total": 1.8563319000000078,
                                                    "count": 657,
                                                    "self": 1.8563319000000078
                                                }
                                            }
                                        }
                                    }
                                },
                                "workers": {
                                    "total": 0.007878700000107486,
                                    "count": 693,
                                    "self": 0.0,
                                    "children": {
                                        "worker_root": {
                                            "total": 14.030334200000027,
                                            "count": 693,
                                            "is_parallel": true,
                                            "self": 4.49228260000006,
                                            "children": {
                                                "steps_from_proto": {
                                                    "total": 0.0005885000000001028,
                                                    "count": 1,
                                                    "is_parallel": true,
                                                    "self": 0.00020470000000116784,
                                                    "children": {
                                                        "_process_vector_observation": {
                                                            "total": 0.000383799999998935,
                                                            "count": 2,
                                                            "is_parallel": true,
                                                            "self": 0.000383799999998935
                                                        }
                                                    }
                                                },
                                                "UnityEnvironment.step": {
                                                    "total": 9.537463099999968,
                                                    "count": 693,
                                                    "is_parallel": true,
                                                    "self": 0.07344319999993232,
                                                    "children": {
                                                        "UnityEnvironment._generate_step_input": {
                                                            "total": 0.09815729999998979,
                                                            "count": 693,
                                                            "is_parallel": true,
                                                            "self": 0.09815729999998979
                                                        },
                                                        "communicator.exchange": {
                                                            "total": 9.135996800000031,
                                                            "count": 693,
                                                            "is_parallel": true,
                                                            "self": 9.135996800000031
                                                        },
                                                        "steps_from_proto": {
                                                            "total": 0.22986580000001489,
                                                            "count": 693,
                                                            "is_parallel": true,
                                                            "self": 0.08884149999994584,
                                                            "children": {
                                                                "_process_vector_observation": {
                                                                    "total": 0.14102430000006905,
                                                                    "count": 1386,
                                                                    "is_parallel": true,